date,value
2000-12-29,135.66760743658767
2001-01-01,135.66760743658767
2001-01-02,132.30600964808957
2001-01-03,135.36868490255105
2001-01-04,135.50659113827604
2001-01-05,132.77784047554303
2001-01-08,132.53587196268637
2001-01-09,133.11283505670602
2001-01-10,133.33048642457382
2001-01-11,133.23249453910503
2001-01-12,133.26159340582117
2001-01-15,134.075325903194
2001-01-16,134.41789935473193
2001-01-17,136.72854199442983
2001-01-18,136.26925533825525
2001-01-19,137.1817310004826
2001-01-22,137.17229010148262
2001-01-23,137.53326545735834
2001-01-24,139.77315336960208
2001-01-25,139.89641435339348
2001-01-26,139.398355192734
2001-01-29,140.4481872169694
2001-01-30,140.34064973860228
2001-01-31,139.60348972628725
2001-02-01,138.6302247470269
2001-02-02,137.50449474754174
2001-02-05,136.8213716281119
2001-02-06,137.80624860652975
2001-02-07,136.4273778009648
2001-02-08,137.21368342752606
2001-02-09,134.88127680528802
2001-02-12,135.59439715410628
2001-02-13,135.80516930231582
2001-02-14,135.38836634606537
2001-02-15,138.18446082148856
2001-02-16,134.53590664950391
2001-02-19,133.73320129574668
2001-02-20,133.500486826036
2001-02-21,131.25179051217677
2001-02-22,131.43672030185007
2001-02-23,130.4457253549716
2001-02-26,132.01264378387947
2001-02-27,130.60522785868775
2001-02-28,129.2281101653438
2001-03-01,127.74901685397042
2001-03-02,126.17887544201746
2001-03-05,127.66837674734612
2001-03-06,129.0022811030251
2001-03-07,129.7835115776837
2001-03-08,129.24524536341087
2001-03-09,127.10534247039362
2001-03-12,122.90292556502416
2001-03-13,124.2575905911056
2001-03-14,122.2263854221596
2001-03-15,123.95169615503258
2001-03-16,122.44945027735234
2001-03-19,123.30970311396572
2001-03-20,121.80002716924662
2001-03-21,121.07227162125491
2001-03-22,120.02538050602386
2001-03-23,121.68524859873392
2001-03-26,124.18269096690774
2001-03-27,126.45485359019264
2001-03-28,125.32472230565746
2001-03-29,125.14273182515709
2001-03-30,125.57982350943304
2001-04-02,124.60012307685956
2001-04-03,120.87503040366953
2001-04-04,119.5299282296895
2001-04-05,123.995519328223
2001-04-06,122.25093942556428
2001-04-09,122.73365501025032
2001-04-10,126.40649416279524
2001-04-11,127.22724515963232
2001-04-12,127.53403344193396
2001-04-13,127.4742130068407
2001-04-16,128.1047318421065
2001-04-17,128.86005134026635
2001-04-18,134.1915045834915
2001-04-19,133.6749459221013
2001-04-20,131.34590024126086
2001-04-23,130.34830248266485
2001-04-24,129.89128774280843
2001-04-25,130.74556658876207
2001-04-26,131.0279006565467
2001-04-27,133.51191471981727
2001-04-30,134.44904656953477
2001-05-01,135.5057770970741
2001-05-02,135.56768913750898
2001-05-03,133.56418203530473
2001-05-04,134.69995356593
2001-05-07,135.30249201903203
2001-05-08,135.43965323448066
2001-05-09,134.75137323359883
2001-05-10,135.50878010590208
2001-05-11,135.5291608778917
2001-05-14,134.95381521313016
2001-05-15,135.01816878275838
2001-05-16,136.2062646252869
2001-05-17,137.48303072819954
2001-05-18,138.2325326005028
2001-05-21,140.0391892684488
2001-05-22,141.17330339413525
2001-05-23,140.55965703433063
2001-05-24,141.17997022470848
2001-05-25,140.0198460337614
2001-05-28,139.517547200648
2001-05-29,139.572513461188
2001-05-30,137.1490885280482
2001-05-31,138.7948910304791
2001-06-01,139.18358518721638
2001-06-04,139.62159405856067
2001-06-05,140.8147912164362
2001-06-06,139.86838993894676
2001-06-07,139.82497802687405
2001-06-08,139.26408041318217
2001-06-11,138.82398801204562
2001-06-12,136.78096581683468
2001-06-13,136.0627803475026
2001-06-14,133.51084411371568
2001-06-15,132.18052697007676
2001-06-18,131.43377572552632
2001-06-19,132.19300253619812
2001-06-20,133.36279031541315
2001-06-21,134.17638437995262
2001-06-22,133.67198496111013
2001-06-25,132.32202608908736
2001-06-26,131.49873177165003
2001-06-27,131.26466456970292
2001-06-28,133.80859068666032
2001-06-29,134.593494935147
2001-07-02,135.96664298712312
2001-07-03,135.3109234010076
2001-07-04,135.00758694301643
2001-07-05,134.5347245298337
2001-07-06,130.72718535985103
2001-07-09,130.6663112528735
2001-07-10,128.87482754835682
2001-07-11,127.57182333215567
2001-07-12,130.98233257203228
2001-07-13,131.63881707779194
2001-07-16,130.31025875253678
2001-07-17,130.8842448710563
2001-07-18,127.70457327827384
2001-07-19,128.92414053700293
2001-07-20,128.03518887533554
2001-07-23,127.05604181242718
2001-07-24,124.88398726330708
2001-07-25,125.0972716240452
2001-07-26,126.23206656444953
2001-07-27,127.37619116223546
2001-07-30,127.31181223346992
2001-07-31,128.48408961752463
2001-08-01,128.63206032601963
2001-08-02,129.0779890107314
2001-08-03,127.80229207653552
2001-08-06,127.52478105716855
2001-08-07,128.3442104669887
2001-08-08,126.63588522053236
2001-08-09,124.25839732510148
2001-08-10,123.76530023898316
2001-08-13,123.43754743790376
2001-08-14,124.12593403766532
2001-08-15,122.2731298355382
2001-08-16,121.67157859423432
2001-08-17,119.53246392014292
2001-08-20,120.21188667756618
2001-08-21,119.94636435180936
2001-08-22,119.639710863879
2001-08-23,120.0828443123688
2001-08-24,121.92634665842996
2001-08-27,122.10605591938406
2001-08-28,120.5595703145736
2001-08-29,119.4505298733066
2001-08-30,117.44863243967224
2001-08-31,117.8011204507665
2001-09-03,117.26919136277294
2001-09-04,119.63225447339607
2001-09-05,119.03925004236574
2001-09-06,116.42717880284488
2001-09-07,113.1846063059332
2001-09-10,113.30570582709407
2001-09-11,110.614392945567
2001-09-12,110.32407624622849
2001-09-13,110.61821372153966
2001-09-14,108.20798627935405
2001-09-17,105.454784608525
2001-09-18,104.74072276201598
2001-09-19,102.815282906681
2001-09-20,99.87557810313244
2001-09-21,98.4637566475256
2001-09-24,102.24737938406192
2001-09-25,102.5560753897693
2001-09-26,102.77027202626329
2001-09-27,103.7664688415575
2001-09-28,107.12810547844704
2001-10-01,106.07790135765616
2001-10-02,107.22050227419602
2001-10-03,107.91462728380682
2001-10-04,109.7632632719211
2001-10-05,109.2430171077372
2001-10-08,108.7306512884572
2001-10-09,108.09467804897366
2001-10-10,110.69743450258022
2001-10-11,113.2350659961508
2001-10-12,112.62415187942727
2001-10-15,111.61057730642268
2001-10-16,112.26226083120268
2001-10-17,112.19870881223628
2001-10-18,111.26371332133944
2001-10-19,111.48921258257754
2001-10-22,113.40774697604098
2001-10-23,114.46098166811898
2001-10-24,114.25432242554446
2001-10-25,114.05652661607958
2001-10-26,115.336685298537
2001-10-29,111.78440191129162
2001-10-30,109.38610010043531
2001-10-31,110.3858170638428
2001-11-01,111.5665381079914
2001-11-02,112.02134626077404
2001-11-05,114.3993333702706
2001-11-06,115.564058212463
2001-11-07,115.0598657814154
2001-11-08,116.83490273618038
2001-11-09,116.40086581603212
2001-11-12,115.2691505108266
2001-11-13,118.5426698103272
2001-11-14,118.62727219981198
2001-11-15,119.34693184852529
2001-11-16,119.0167682118354
2001-11-19,120.93062682558072
2001-11-20,119.6149325762864
2001-11-21,119.86219690774142
2001-11-22,119.8523205775074
2001-11-23,120.6418827800068
2001-11-26,121.01353954237727
2001-11-27,119.8581163239428
2001-11-28,117.57649003857244
2001-11-29,118.13787070663432
2001-11-30,117.59799366865354
2001-12-03,116.96389373129036
2001-12-04,118.20090188337522
2001-12-05,121.35792171431888
2001-12-06,121.1175793158278
2001-12-07,120.08662685557005
2001-12-10,118.3568433090273
2001-12-11,118.06866426773848
2001-12-12,117.4404017468077
2001-12-13,115.25824954816912
2001-12-14,114.57138820234688
2001-12-17,115.66489602944934
2001-12-18,116.57515506774646
2001-12-19,117.02004747586706
2001-12-20,116.40490303987788
2001-12-21,118.10463014896015
2001-12-24,119.0033997775524
2001-12-25,118.96555393367277
2001-12-26,119.12368729293424
2001-12-27,119.5091736297608
2001-12-28,120.67642865600328
2001-12-31,118.98316011184042
2002-01-01,118.98316011184042
2002-01-02,117.57089809508108
2002-01-03,119.33944809144852
2002-01-04,120.78051059890572
2002-01-07,120.26852092415892
2002-01-08,119.53551965333486
2002-01-09,119.34727418634778
2002-01-10,118.45508515059838
2002-01-11,118.20876157516854
2002-01-14,116.6637287394851
2002-01-15,117.56143189457364
2002-01-16,116.81743282555004
2002-01-17,118.165622848649
2002-01-18,117.15240782561074
2002-01-21,117.00440894096988
2002-01-22,116.27888081934972
2002-01-23,116.74234913168776
2002-01-24,118.10760497263482
2002-01-25,119.48583577057678
2002-01-28,120.24497008860514
2002-01-29,117.568531392678
2002-01-30,117.63420996165728
2002-01-31,119.31963080216264
2002-02-01,118.68872066440149
2002-02-04,115.99798490371688
2002-02-05,114.74451721726712
2002-02-06,113.94783154427176
2002-02-07,114.14913893410346
2002-02-08,114.957285886317
2002-02-11,115.8243618855544
2002-02-12,115.86510991742637
2002-02-13,117.25192054585568
2002-02-14,117.8627004413121
2002-02-15,116.4065210043651
2002-02-18,116.52237666783634
2002-02-19,113.9452973950674
2002-02-20,114.7408680486874
2002-02-21,114.42353950200852
2002-02-22,114.0342643653059
2002-02-25,116.21724174808918
2002-02-26,116.64263733114292
2002-02-27,117.92176930807256
2002-02-28,117.7095834497108
2002-03-01,119.82113532676
2002-03-04,122.2782583570356
2002-03-05,121.64866503848326
2002-03-06,122.25762489906242
2002-03-07,122.14514906252413
2002-03-08,123.19913925600083
2002-03-11,123.41072067652875
2002-03-12,122.86962055787436
2002-03-13,121.64738624501906
2002-03-14,121.10613132643265
2002-03-15,122.18953178823568
2002-03-18,122.3504523404021
2002-03-19,122.79010727255414
2002-03-20,121.0396975594366
2002-03-21,121.22734024649924
2002-03-22,121.15428760965064
2002-03-25,120.02305042155734
2002-03-26,120.4281712715517
2002-03-27,121.36014511574848
2002-03-28,122.08602009778063
2002-03-29,121.8522392357538
2002-04-01,121.03711979507318
2002-04-02,120.15603815977198
2002-04-03,119.6809423573803
2002-04-04,119.27529561076794
2002-04-05,119.4089462408884
2002-04-08,119.42073419643674
2002-04-09,118.70550829562576
2002-04-10,119.57410658661584
2002-04-11,116.7630862613779
2002-04-12,117.59532866401383
2002-04-15,117.36930298950725
2002-04-16,119.50469856092636
2002-04-17,119.17407255042768
2002-04-18,118.67277710369883
2002-04-19,118.88204278610652
2002-04-22,117.73079184694843
2002-04-23,117.0904199444174
2002-04-24,116.26453600526928
2002-04-25,115.35312136165408
2002-04-26,114.17997686456926
2002-04-29,113.1017940853167
2002-04-30,113.96148479205546
2002-05-01,114.1400226210275
2002-05-02,114.26629676111271
2002-05-03,112.53945908988396
2002-05-06,110.86755299103734
2002-05-07,110.40823768320968
2002-05-08,113.98185558952044
2002-05-09,113.00691191078684
2002-05-10,111.2254050349717
2002-05-13,112.75468824945678
2002-05-14,115.29097842768437
2002-05-15,114.9733250270486
2002-05-16,115.248234880018
2002-05-17,114.72932217835712
2002-05-20,113.72898527984832
2002-05-21,113.2987526048682
2002-05-22,112.545501257607
2002-05-23,113.71057524725865
2002-05-24,112.87461318168005
2002-05-27,113.11177061390848
2002-05-28,111.4899885011948
2002-05-29,110.64072838578876
2002-05-30,109.61414862422882
2002-05-31,110.10104277529292
2002-06-03,108.08399696278951
2002-06-04,106.88051763562872
2002-06-05,107.60542325798836
2002-06-06,105.63039190121528
2002-06-07,104.97412378316048
2002-06-10,105.21099619261844
2002-06-11,104.53934506952204
2002-06-12,103.90682156167712
2002-06-13,102.86203658670568
2002-06-14,101.56910974682523
2002-06-17,104.36313128464354
2002-06-18,104.0322341776386
2002-06-19,101.73508484774594
2002-06-20,99.73036339036648
2002-06-21,98.22173005203284
2002-06-24,97.18130624217352
2002-06-25,97.42801131822849
2002-06-26,95.0648331785138
2002-06-27,96.90601814220668
2002-06-28,97.81600882243484
2002-07-01,96.67163298955258
2002-07-02,94.72930853595535
2002-07-03,94.77324850798118
2002-07-04,95.33511505229134
2002-07-05,98.96532491269052
2002-07-08,97.26598691863384
2002-07-09,95.35489965658674
2002-07-10,92.9675764920078
2002-07-11,92.0529773383462
2002-07-12,91.86524231940255
2002-07-15,89.02667189159517
2002-07-16,87.71186603524703
2002-07-17,89.06161065426728
2002-07-18,88.2097695815597
2002-07-19,84.59744468131645
2002-07-22,82.17033256767643
2002-07-23,81.22038010232613
2002-07-24,83.2151726666752
2002-07-25,83.15141592953194
2002-07-26,84.61812954567235
2002-07-29,89.4279614098135
2002-07-30,89.20272772970523
2002-07-31,90.22025375789909
2002-08-01,87.40877853722837
2002-08-02,86.04436992158291
2002-08-05,83.4739806249356
2002-08-06,86.94834625310565
2002-08-07,87.60834540465136
2002-08-08,90.34061150490489
2002-08-09,90.88179836752867
2002-08-12,89.57331245505777
2002-08-13,88.6939007822637
2002-08-14,89.62189942837118
2002-08-15,91.55123865570933
2002-08-16,91.31498668707049
2002-08-19,93.59874136497992
2002-08-20,92.49671593035409
2002-08-21,93.14508853675972
2002-08-22,95.110613761163
2002-08-23,93.47168737962112
2002-08-26,93.84681402401648
2002-08-27,92.99756770633776
2002-08-28,90.77567211502692
2002-08-29,90.01095147835845
2002-08-30,90.34667192101595
2002-09-02,89.58115301978944
2002-09-03,85.40533433009766
2002-09-04,86.32165982299851
2002-09-05,85.63477018606645
2002-09-06,87.54444325519974
2002-09-09,88.04704991715282
2002-09-10,89.55384911129075
2002-09-11,90.22776367671597
2002-09-12,87.74727456327855
2002-09-13,87.05777338799322
2002-09-16,87.43619808490821
2002-09-17,86.59509463395739
2002-09-18,84.91119041689802
2002-09-19,82.81305685815836
2002-09-20,82.58192515217675
2002-09-23,81.0650056816824
2002-09-24,79.98338381092185
2002-09-25,81.48528661194302
2002-09-26,83.69150398428242
2002-09-27,82.34322023753468
2002-09-30,79.78524619897905
2002-10-01,81.97876933194115
2002-10-02,81.39399005301021
2002-10-03,80.27821450504914
2002-10-04,79.12577273929149
2002-10-07,77.59013723152971
2002-10-08,78.1909641167223
2002-10-09,76.20630557941347
2002-10-10,78.25694457419108
2002-10-11,81.22535705115004
2002-10-14,81.28041570830042
2002-10-15,85.49640178954178
2002-10-16,83.99401459606848
2002-10-17,86.57519982905379
2002-10-18,86.86754933588283
2002-10-21,87.59876251389983
2002-10-22,86.3775570886729
2002-10-23,86.13899581367225
2002-10-24,86.07505955217263
2002-10-25,86.70857197054585
2002-10-28,86.25598411153446
2002-10-29,84.57229741991786
2002-10-30,85.83615346600591
2002-10-31,85.48681270970052
2002-11-01,85.70765738813517
2002-11-04,87.15074291667307
2002-11-05,87.50761818744861
2002-11-06,87.92608224897367
2002-11-07,85.64025523103858
2002-11-08,84.50987716888123
2002-11-11,83.20047763102927
2002-11-12,83.9453445882764
2002-11-13,83.72702042822083
2002-11-14,85.55587843364047
2002-11-15,86.07129909594319
2002-11-18,85.49961578409496
2002-11-19,84.89624803401578
2002-11-20,86.39619013347742
2002-11-21,88.69067530955641
2002-11-22,88.74453279719428
2002-11-25,89.29019405078886
2002-11-26,87.59739023605805
2002-11-27,89.81757725070756
2002-11-28,89.87867380749789
2002-11-29,89.67992378881301
2002-12-02,89.54620100112886
2002-12-03,88.00590178433713
2002-12-04,87.32291979833371
2002-12-05,86.28780114014232
2002-12-06,86.08358617010995
2002-12-09,84.42333972433303
2002-12-10,85.05843733058337
2002-12-11,85.35975016478233
2002-12-12,84.45920996313133
2002-12-13,83.12715378843468
2002-12-16,84.95920512822632
2002-12-17,83.69027010887028
2002-12-18,82.5266302554593
2002-12-19,82.29052599096454
2002-12-20,83.04042605607869
2002-12-23,83.27255185807053
2002-12-24,82.82607082954905
2002-12-25,82.8027214014257
2002-12-26,82.58364465273539
2002-12-27,80.71866927633964
2002-12-30,80.90764980954489
2002-12-31,80.87933298645076
2003-01-01,80.87933298645076
2003-01-02,83.81538100536171
2003-01-03,83.72073577123325
2003-01-06,84.79410841104085
2003-01-07,84.4517726478683
2003-01-08,83.49518309082937
2003-01-09,84.08992087423664
2003-01-10,83.8995647435553
2003-01-13,83.75078756711457
2003-01-14,84.06571941797377
2003-01-15,83.12979238582457
2003-01-16,82.98946808852054
2003-01-17,81.34019331511321
2003-01-20,80.83451700880059
2003-01-21,79.87933267734284
2003-01-22,78.80374991357004
2003-01-23,79.00739439733127
2003-01-24,77.12322585936775
2003-01-27,75.37187647866008
2003-01-28,75.81591691284798
2003-01-29,75.97220466396408
2003-01-30,76.02048011937302
2003-01-31,76.6542088540192
2003-02-03,77.36255012550792
2003-02-04,75.42964397785701
2003-02-05,75.76889499994383
2003-02-06,74.93991654900115
2003-02-07,74.3390016927084
2003-02-10,74.74666237753762
2003-02-11,75.15894074069452
2003-02-12,74.21727622740129
2003-02-13,73.54560653265078
2003-02-14,74.96447969030577
2003-02-17,75.75292472398728
2003-02-18,77.10081396804206
2003-02-19,76.04452055868306
2003-02-20,75.08992125405
2003-02-21,75.7908240896741
2003-02-24,75.05383613561871
2003-02-25,74.62900274817464
2003-02-26,73.7743206829499
2003-02-27,74.61990279300392
2003-02-28,75.01216603903467
2003-03-03,74.5293664267602
2003-03-04,73.11855536967973
2003-03-05,72.97964041304911
2003-03-06,72.32087330802166
2003-03-07,71.8196033632969
2003-03-10,70.09451206929097
2003-03-11,69.59965956186952
2003-03-12,69.32212601081979
2003-03-13,72.33507374952136
2003-03-14,73.94457016847291
2003-03-17,76.44761039202324
2003-03-18,77.13556776151862
2003-03-19,78.07779832350975
2003-03-20,78.0784127852567
2003-03-21,80.16975771957479
2003-03-24,77.16456135914974
2003-03-25,77.64219403935566
2003-03-26,77.62214729093965
2003-03-27,76.96563781958119
2003-03-28,76.37140139130402
2003-03-31,73.84646722192784
2003-04-01,74.70934968089149
2003-04-02,77.15375518252257
2003-04-03,77.37813538379973
2003-04-04,77.97526140504216
2003-04-07,79.3146541600358
2003-04-08,78.6167186410176
2003-04-09,77.75262581715006
2003-04-10,76.94675503003812
2003-04-11,77.17444210705943
2003-04-14,78.00779419439628
2003-04-15,78.80136311412222
2003-04-16,77.72623898988623
2003-04-17,78.35197893069657
2003-04-18,78.36278281048976
2003-04-21,78.49073414337167
2003-04-22,79.06337878167362
2003-04-23,79.8698625515241
2003-04-24,78.79837445721745
2003-04-25,77.74276632958366
2003-04-28,79.1035719748168
2003-04-29,79.08653733485451
2003-04-30,78.60417970398898
2003-05-01,78.05245886327754
2003-05-02,79.08432876975235
2003-05-05,78.83857518291218
2003-05-06,79.40724848081771
2003-05-07,78.94561027716934
2003-05-08,77.42615826254568
2003-05-09,78.11802114755497
2003-05-12,78.53004591722737
2003-05-13,78.61304475850518
2003-05-14,78.73957232840245
2003-05-15,79.41335231240359
2003-05-16,79.03534367166453
2003-05-19,76.3916064584878
2003-05-20,76.60851615333833
2003-05-21,76.33045147722757
2003-05-22,77.17253937941662
2003-05-23,76.74108930753474
2003-05-26,76.28937535120299
2003-05-27,77.16793902262997
2003-05-28,78.31787971739676
2003-05-29,77.92054850114839
2003-05-30,78.83060470954682
2003-06-02,79.85820117022136
2003-06-03,79.91187761098918
2003-06-04,81.11697306664415
2003-06-05,80.48801139265522
2003-06-06,81.67966832963899
2003-06-09,80.53627302827645
2003-06-10,81.43185857166115
2003-06-11,82.11315195411952
2003-06-12,82.4846390850406
2003-06-13,81.38029456638407
2003-06-16,82.42591153533179
2003-06-17,83.08407038659645
2003-06-18,83.79261638687055
2003-06-19,82.71674107026648
2003-06-20,83.25391959649673
2003-06-23,82.69955871097068
2003-06-24,82.49876322118783
2003-06-25,82.01410647900586
2003-06-26,83.02462086404545
2003-06-27,82.84425707029028
2003-06-30,82.12614487098398
2003-07-01,81.65455540405374
2003-07-02,83.3446039965829
2003-07-03,83.25043522471756
2003-07-04,83.31092757711738
2003-07-07,85.73057653570945
2003-07-08,86.15545048106922
2003-07-09,85.58699315046714
2003-07-10,84.50631455802264
2003-07-11,85.24234321361286
2003-07-14,86.18889300906497
2003-07-15,86.01465279147169
2003-07-16,85.62951348225239
2003-07-17,84.74002163125816
2003-07-18,85.18314078478659
2003-07-21,83.68081690112874
2003-07-22,83.99707449610109
2003-07-23,83.68700856181232
2003-07-24,83.5713123673837
2003-07-25,83.988037751395
2003-07-28,84.54432881527073
2003-07-29,83.9881444024788
2003-07-30,84.38305868125435
2003-07-31,85.48149625871169
2003-08-01,84.82627705370085
2003-08-04,84.20753256634028
2003-08-05,83.38425669535782
2003-08-06,82.90591897760908
2003-08-07,83.20293308284083
2003-08-08,84.08731171137872
2003-08-11,84.50673501654158
2003-08-12,85.34798682808173
2003-08-13,85.23380184563302
2003-08-14,86.18983932502945
2003-08-15,86.30378765672523
2003-08-18,87.62203222137286
2003-08-19,88.32896310812569
2003-08-20,88.14524435118966
2003-08-21,89.55136131828226
2003-08-22,89.72898556286029
2003-08-25,89.26181328590413
2003-08-26,89.28258130098983
2003-08-27,89.37481202284916
2003-08-28,89.69786173478448
2003-08-29,89.51686793193826
2003-09-01,90.09407771157407
2003-09-02,91.5856005893199
2003-09-03,92.56630652606287
2003-09-04,92.10215491910982
2003-09-05,90.85366284034642
2003-09-08,91.13931431643988
2003-09-09,90.07812460555049
2003-09-10,88.93067586264486
2003-09-11,89.26561588825598
2003-09-12,88.7085597913573
2003-09-15,88.61242537926971
2003-09-16,90.44624293163552
2003-09-17,90.22180833143364
2003-09-18,91.06164024182408
2003-09-19,90.2178679764896
2003-09-22,88.27596200509427
2003-09-23,88.50659495718021
2003-09-24,87.67839429478241
2003-09-25,86.68519123621596
2003-09-26,86.41643044498247
2003-09-29,86.3879015837316
2003-09-30,84.9015250422392
2003-10-01,86.14690504438957
2003-10-02,86.79755386214713
2003-10-03,88.27282267863777
2003-10-06,88.24623952800376
2003-10-07,87.88608023015323
2003-10-08,87.21401999468804
2003-10-09,88.36905138666494
2003-10-10,88.08387898684816
2003-10-13,89.53773858123758
2003-10-14,89.62844992379439
2003-10-15,90.0158961005562
2003-10-16,89.9321917546174
2003-10-17,89.68354603136247
2003-10-20,89.79537043242742
2003-10-21,89.81269450700468
2003-10-22,87.97659189303747
2003-10-23,87.37706508532565
2003-10-24,87.02604859662598
2003-10-27,87.75426118810738
2003-10-28,89.38302683413184
2003-10-29,89.6648370168087
2003-10-30,89.78592066332686
2003-10-31,90.08984106465046
2003-11-03,91.68619114433444
2003-11-04,91.49217953160428
2003-11-05,91.3263189307315
2003-11-06,91.78846735179486
2003-11-07,91.74108024868664
2003-11-10,91.06786351153148
2003-11-11,90.49728759800712
2003-11-12,90.5841168714524
2003-11-13,90.4567328173108
2003-11-14,89.72515462339533
2003-11-17,88.46983583458338
2003-11-18,87.55714353211658
2003-11-19,87.42562509445943
2003-11-20,87.17409892791069
2003-11-21,87.23986856461904
2003-11-24,89.29151351040302
2003-11-25,89.38756303589265
2003-11-26,89.04418564397201
2003-11-27,89.31395993343958
2003-11-28,88.68972722928521
2003-12-01,89.98985825786457
2003-12-02,89.17167729162688
2003-12-03,89.12886935865896
2003-12-04,89.63032213053495
2003-12-05,88.6422347272683
2003-12-08,88.34547513605338
2003-12-09,88.16475881080927
2003-12-10,87.52618113904062
2003-12-11,88.77629170446704
2003-12-12,88.43596993217055
2003-12-15,88.27781445678099
2003-12-16,88.09642944619277
2003-12-17,87.8379683035488
2003-12-18,88.70582469788685
2003-12-19,88.97327601541777
2003-12-22,88.83200180139639
2003-12-23,89.14529946696813
2003-12-24,88.96917839085059
2003-12-25,88.9753622349681
2003-12-26,89.1484823446513
2003-12-29,89.7825105203486
2003-12-30,89.80525896011123
2003-12-31,89.56590499507017
2004-01-01,89.56590499507017
2004-01-02,89.91179801017783
2004-01-05,90.50244470887812
2004-01-06,90.1731711630819
2004-01-07,90.37486018758138
2004-01-08,90.8035375477284
2004-01-09,89.70903072997295
2004-01-12,90.12083163780083
2004-01-13,89.94454982651219
2004-01-14,91.10756269359352
2004-01-15,91.4330117001567
2004-01-16,93.23128782299702
2004-01-19,93.47550566549133
2004-01-20,92.39607793314578
2004-01-21,92.64351305260357
2004-01-22,92.1530961171736
2004-01-23,92.15547070857936
2004-01-26,93.23426893126744
2004-01-27,92.51417091987616
2004-01-28,91.96310204150004
2004-01-29,92.92251065317146
2004-01-30,92.39854992055196
2004-02-02,92.56092702584768
2004-02-03,91.89517679620124
2004-02-04,91.368616786177
2004-02-05,91.0188201637833
2004-02-06,91.3241438080231
2004-02-09,91.74289007159012
2004-02-10,91.96003177039836
2004-02-11,92.66420603059365
2004-02-12,91.74690459221476
2004-02-13,91.67183949430864
2004-02-16,91.80267526159552
2004-02-17,92.42065956467108
2004-02-18,92.11471031698984
2004-02-19,92.93913327543052
2004-02-20,92.98229122198312
2004-02-23,93.0444299094489
2004-02-24,91.9988525675596
2004-02-25,92.9313962699204
2004-02-26,93.7361574136689
2004-02-27,93.93065796745304
2004-03-01,94.8727674850102
2004-03-02,95.44956332083756
2004-03-03,96.28473066837633
2004-03-04,96.29870614794486
2004-03-05,95.18094880635428
2004-03-08,95.10496815635548
2004-03-09,94.31334609744228
2004-03-10,94.31980633878224
2004-03-11,92.53055608433704
2004-03-12,93.41848990539614
2004-03-15,92.106845664761
2004-03-16,92.07135685908936
2004-03-17,94.104057610578
2004-03-18,92.83455042236176
2004-03-19,92.51998471440103
2004-03-22,91.03647189006084
2004-03-23,91.45138227538315
2004-03-24,91.87052872078476
2004-03-25,93.41560083045508
2004-03-26,94.0553773906838
2004-03-29,94.80317486920303
2004-03-30,94.8660500754084
2004-03-31,94.33997250371807
2004-04-01,94.58403257078136
2004-04-02,96.68468148073327
2004-04-05,98.14354918229368
2004-04-06,97.64707579675404
2004-04-07,96.70114146878272
2004-04-08,97.09510210800916
2004-04-09,96.95036552031728
2004-04-12,97.57917604039936
2004-04-13,97.89183449926314
2004-04-14,97.02253057179706
2004-04-15,96.7869246848744
2004-04-16,96.74027982465442
2004-04-19,96.77967534178184
2004-04-20,96.95260170276876
2004-04-21,97.06826398724314
2004-04-22,98.03861573442236
2004-04-23,98.55113871388627
2004-04-26,98.31629891284928
2004-04-27,97.95963391918325
2004-04-28,97.02079422396558
2004-04-29,95.74157712546328
2004-04-30,94.73193405769588
2004-05-03,95.56302403328974
2004-05-04,95.20809860939686
2004-05-05,95.3237129208997
2004-05-06,94.60690164633606
2004-05-07,94.42704372158606
2004-05-10,92.68480000520564
2004-05-11,93.73398006107288
2004-05-12,93.3663882358719
2004-05-13,93.58902775723428
2004-05-14,93.24185318447664
2004-05-17,91.23720978470683
2004-05-18,92.16106907545252
2004-05-19,92.55496715676875
2004-05-20,92.87804084690283
2004-05-21,92.87648973232908
2004-05-24,93.4643180863163
2004-05-25,93.31422558384132
2004-05-26,93.87501079479644
2004-05-27,93.54825329973568
2004-05-28,93.77022840252464
2004-05-31,93.84148043432717
2004-06-01,93.6781251096587
2004-06-02,93.6029197584072
2004-06-03,93.20284669080152
2004-06-04,93.73186001226836
2004-06-07,94.8366965669142
2004-06-08,95.27396264062588
2004-06-09,95.65486518016156
2004-06-10,96.01638312489597
2004-06-11,96.34850317697531
2004-06-14,94.87776450193246
2004-06-15,95.48477728952
2004-06-16,96.40231321402494
2004-06-17,96.26842870541098
2004-06-18,95.86940472324082
2004-06-21,95.97488317157618
2004-06-22,95.8396087757027
2004-06-23,96.42111501218685
2004-06-24,96.21079127262377
2004-06-25,96.07591972530685
2004-06-28,96.02129897968864
2004-06-29,96.37471380180524
2004-06-30,96.12216840663478
2004-07-01,95.65512432370234
2004-07-02,94.39321931384336
2004-07-05,94.3420621481232
2004-07-06,93.75079599737008
2004-07-07,93.37718356370291
2004-07-08,92.75429402693038
2004-07-09,93.11490231717184
2004-07-12,93.077760481042
2004-07-13,93.54781291249652
2004-07-14,92.84424082087276
2004-07-15,92.39699652496456
2004-07-16,91.94623491505548
2004-07-19,91.98313672397306
2004-07-20,92.488947166372
2004-07-21,92.80924989345068
2004-07-22,92.22731511006504
2004-07-23,92.40542852494688
2004-07-26,91.7963471071569
2004-07-27,92.76725202919552
2004-07-28,93.11297884104556
2004-07-29,93.4750828129248
2004-07-30,93.9646178275212
2004-08-02,94.23350449452688
2004-08-03,93.85749192690766
2004-08-04,93.45895376689256
2004-08-05,92.69466260504716
2004-08-06,90.24645558733086
2004-08-09,89.98154311579515
2004-08-10,90.475370538794
2004-08-11,90.81568114794293
2004-08-12,89.9594337272762
2004-08-13,89.21800285880039
2004-08-16,90.10377878174135
2004-08-17,90.4370967941824
2004-08-18,91.36440775468942
2004-08-19,91.09836314522876
2004-08-20,91.59637042236696
2004-08-23,92.45027396247085
2004-08-24,92.92262834125997
2004-08-25,93.62663144785854
2004-08-26,93.9276788646396
2004-08-27,94.664270685146
2004-08-30,94.1140822895117
2004-08-31,93.49623018648796
2004-09-01,93.80568564655054
2004-09-02,94.5712377768155
2004-09-03,94.89189976650675
2004-09-06,95.04958783176734
2004-09-07,95.51747294267736
2004-09-08,94.9932303762332
2004-09-09,94.57190232216928
2004-09-10,94.22202333360988
2004-09-13,94.9236640068322
2004-09-14,94.84567377477585
2004-09-15,94.95871061164549
2004-09-16,95.31396972773072
2004-09-17,95.45708574776792
2004-09-20,95.22424090473652
2004-09-21,95.14251591117548
2004-09-22,94.31558529248436
2004-09-23,93.60168863429575
2004-09-24,93.76207796350158
2004-09-27,93.0206594365173
2004-09-28,93.36846624254352
2004-09-29,93.74550044725332
2004-09-30,93.2169661140474
2004-10-01,94.74592880237476
2004-10-04,96.07639184981198
2004-10-05,95.85720018886418
2004-10-06,96.2863697687164
2004-10-07,95.797423365355
2004-10-08,94.72694072879256
2004-10-11,95.0455773837709
2004-10-12,94.90890190628168
2004-10-13,94.76474452115892
2004-10-14,93.37938034216909
2004-10-15,93.09428229743732
2004-10-18,93.0145017236998
2004-10-19,92.92943493503036
2004-10-20,92.18161217743672
2004-10-21,92.47573989614725
2004-10-22,91.8765012202687
2004-10-25,90.60406072764664
2004-10-26,91.42650719615624
2004-10-27,92.47994069957532
2004-10-28,93.12787885277083
2004-10-29,93.2420466828882
2004-11-01,93.31617466476531
2004-11-02,93.94093379515957
2004-11-03,94.20672268068184
2004-11-04,94.60814788851744
2004-11-05,94.95125275835512
2004-11-08,94.59453410628085
2004-11-09,94.69871786155352
2004-11-10,94.62378855643423
2004-11-11,95.43020524509426
2004-11-12,96.0716656708743
2004-11-15,96.1695191352226
2004-11-16,95.45206519559498
2004-11-17,95.86400094139915
2004-11-18,96.03350435768124
2004-11-19,95.02759106466569
2004-11-22,95.0870668965973
2004-11-23,94.87963585170094
2004-11-24,94.8313998998522
2004-11-25,94.74854482806258
2004-11-26,94.5982168627631
2004-11-29,94.39716513492534
2004-11-30,93.93115131592248
2004-12-01,94.85227895448612
2004-12-02,95.24316051711084
2004-12-03,94.79404552458972
2004-12-06,94.27148728716872
2004-12-07,93.65386864651586
2004-12-08,94.40929941474052
2004-12-09,94.37951947126471
2004-12-10,94.5108147780339
2004-12-13,94.94095946645858
2004-12-14,95.32246150470463
2004-12-15,94.96486637957037
2004-12-16,95.56598311883972
2004-12-17,95.23461298457512
2004-12-20,94.71605461024616
2004-12-21,95.34968959950612
2004-12-22,95.6586779653437
2004-12-23,95.17886566731902
2004-12-24,95.20568817651204
2004-12-27,94.60532664032937
2004-12-28,95.13463022775316
2004-12-29,95.10832372922404
2004-12-30,95.13956843330033
2004-12-31,95.3501462179765
2005-01-03,95.6421360113251
2005-01-04,95.79973743047618
2005-01-05,95.37080296266518
2005-01-06,96.1218122409743
2005-01-07,96.85405649096757
2005-01-10,96.86058382308514
2005-01-11,96.20396573694283
2005-01-12,95.6312136692746
2005-01-13,95.63647489050916
2005-01-14,96.61753470236744
2005-01-17,96.87579164379488
2005-01-18,97.60228556000406
2005-01-19,97.1076922300178
2005-01-20,96.8238026798437
2005-01-21,96.24150474203417
2005-01-24,95.924702527577
2005-01-25,96.5926625017454
2005-01-26,96.5345179124672
2005-01-27,96.7800499926782
2005-01-28,96.6164966504717
2005-01-31,97.18594521947048
2005-02-01,97.88492014831432
2005-02-02,98.08895751472842
2005-02-03,98.21557091576273
2005-02-04,99.25442211105428
2005-02-07,99.96407347055896
2005-02-08,100.26823679080664
2005-02-09,99.70726314536032
2005-02-10,99.51403090393016
2005-02-11,100.26808478752476
2005-02-14,100.05065277825209
2005-02-15,100.3483784274767
2005-02-16,100.01109319923576
2005-02-17,99.2200105534108
2005-02-18,99.35179976200271
2005-02-21,99.3237275883097
2005-02-22,97.65803167453512
2005-02-23,97.6985757717143
2005-02-24,98.0243949661706
2005-02-25,99.11877756315496
2005-02-28,98.46679037707564
2005-03-01,99.40179914673986
2005-03-02,99.78873552006375
2005-03-03,99.7693310528447
2005-03-04,100.0399413388152
2005-03-07,100.44156561275778
2005-03-08,99.3370219050656
2005-03-09,98.633252310345
2005-03-10,98.09037184012668
2005-03-11,97.58862833550933
2005-03-14,98.17941714475435
2005-03-15,98.37569630738668
2005-03-16,97.08019755119044
2005-03-17,97.33591494154868
2005-03-18,97.87325591477476
2005-03-21,98.05341577834989
2005-03-22,97.50673138786516
2005-03-23,98.10349863888936
2005-03-24,98.36296359766588
2005-03-25,98.41032439690906
2005-03-28,99.03494347560306
2005-03-29,98.27313203804808
2005-03-30,98.62703952178872
2005-03-31,98.61334014983257
2005-04-01,98.63458202959494
2005-04-04,99.1824179067589
2005-04-05,99.66611091011636
2005-04-06,99.89412181212958
2005-04-07,100.08494050603582
2005-04-08,100.01954142204896
2005-04-11,99.32753244115844
2005-04-12,99.78299266946284
2005-04-13,99.28163092360356
2005-04-14,98.93951389802795
2005-04-15,96.83975966144368
2005-04-18,95.65360129876304
2005-04-19,96.30194397639328
2005-04-20,95.4100694306756
2005-04-21,96.0760427695554
2005-04-22,96.30150714224264
2005-04-25,97.42790974840844
2005-04-26,96.9211839279041
2005-04-27,96.66750209719586
2005-04-28,96.30745356305664
2005-04-29,97.11471741578568
2005-05-02,97.8508754873863
2005-05-03,97.64783456494004
2005-05-04,98.23441595688112
2005-05-05,98.37785888312976
2005-05-06,99.12219760621277
2005-05-09,99.3918158864827
2005-05-10,98.3259483715249
2005-05-11,98.75830491776212
2005-05-12,98.82269452070204
2005-05-13,98.7966840102765
2005-05-16,99.19659559340045
2005-05-17,99.47960276803532
2005-05-18,100.38078629716716
2005-05-19,101.0961801259238
2005-05-20,101.38614375904343
2005-05-23,101.71097856937288
2005-05-24,101.74907916530358
2005-05-25,101.3293140507209
2005-05-26,102.27745669989544
2005-05-27,102.32370348283423
2005-05-30,103.0170267913735
2005-05-31,103.33893455901736
2005-06-01,104.83219929418314
2005-06-02,104.83368314483376
2005-06-03,104.5537954417234
2005-06-06,104.56492110444566
2005-06-07,104.95847863560584
2005-06-08,104.51629577470013
2005-06-09,105.44148093276648
2005-06-10,105.95936071302124
2005-06-13,106.64282571239862
2005-06-14,106.82562876648794
2005-06-15,106.56975043508406
2005-06-16,107.22441137904856
2005-06-17,106.8213819485661
2005-06-20,107.31884112447403
2005-06-21,107.43641864442078
2005-06-22,107.54109632223464
2005-06-23,107.54229639803222
2005-06-24,106.54152118881504
2005-06-27,105.64948494283072
2005-06-28,107.00531804606464
2005-06-29,107.09911464730348
2005-06-30,106.30806193713708
2005-07-01,107.46158392793878
2005-07-04,107.98025647872932
2005-07-05,108.39631983791996
2005-07-06,108.04256956495888
2005-07-07,107.37528561489296
2005-07-08,108.62118938774331
2005-07-11,108.48098423505782
2005-07-12,107.81208380204444
2005-07-13,108.56749136362416
2005-07-14,108.84722157080746
2005-07-15,109.23724880144432
2005-07-18,108.81305427974632
2005-07-19,109.6784593309341
2005-07-20,109.74982574491366
2005-07-21,109.04538976106774
2005-07-22,109.37326537939664
2005-07-25,109.50515551737524
2005-07-26,109.8062576074565
2005-07-27,110.18003232592083
2005-07-28,110.40392539349534
2005-07-29,109.65927404598376
2005-08-01,109.4637633678076
2005-08-02,110.29643238866882
2005-08-03,109.6939709072741
2005-08-04,108.63537074701344
2005-08-05,107.97903299565336
2005-08-08,107.9252933157547
2005-08-09,108.67482103666606
2005-08-10,109.06529086243462
2005-08-11,109.32399121227364
2005-08-12,109.05727959458996
2005-08-15,109.58848520528714
2005-08-16,109.1168192719732
2005-08-17,109.12047500171452
2005-08-18,109.55108207075617
2005-08-19,110.1130739072748
2005-08-22,110.02109202024658
2005-08-23,109.79586468085051
2005-08-24,108.961282538438
2005-08-25,108.64850043193822
2005-08-26,107.88157199563682
2005-08-29,108.44879036459828
2005-08-30,108.82925785333798
2005-08-31,109.12005697596972
2005-09-01,108.68791475249157
2005-09-02,108.08286497198044
2005-09-05,108.58160867383168
2005-09-06,109.69243190117416
2005-09-07,110.16804894758926
2005-09-08,110.02773955516562
2005-09-09,110.78903772347353
2005-09-12,111.83326902485764
2005-09-13,111.16265053965584
2005-09-14,111.01586960518378
2005-09-15,111.6857629182144
2005-09-16,112.3147062803556
2005-09-19,112.58652599154392
2005-09-20,112.22731123909932
2005-09-21,111.09466148826267
2005-09-22,111.57727219943526
2005-09-23,112.1711467429932
2005-09-26,113.17746243507804
2005-09-27,113.0990825281454
2005-09-28,113.65000064256886
2005-09-29,114.39560180468466
2005-09-30,114.20144431950196
2005-10-03,115.27705302082202
2005-10-04,114.60622614512404
2005-10-05,112.98640761767194
2005-10-06,110.65961554923864
2005-10-07,110.85277874799472
2005-10-10,110.96942650282352
2005-10-11,111.47668634060712
2005-10-12,110.59975276649976
2005-10-13,110.66523354666168
2005-10-14,110.33422546177826
2005-10-17,110.69717390702702
2005-10-18,110.50407043291264
2005-10-19,110.3317937011465
2005-10-20,109.62452873812184
2005-10-21,109.37698952285758
2005-10-24,110.9036452911794
2005-10-25,110.1771125157951
2005-10-26,110.19860675139914
2005-10-27,108.89661444490814
2005-10-28,109.9816957048306
2005-10-31,112.16576989481696
2005-11-01,112.13059367675456
2005-11-02,112.48362504145264
2005-11-03,113.72010564383244
2005-11-04,115.02733516459548
2005-11-07,115.43953653522044
2005-11-08,115.57417326621616
2005-11-09,115.7416231822744
2005-11-10,116.05335812418956
2005-11-11,117.03382570715954
2005-11-14,116.81115324658562
2005-11-15,116.57441918310904
2005-11-16,116.6773766642554
2005-11-17,117.32534193598312
2005-11-18,118.09073817468882
2005-11-21,118.43515391204608
2005-11-22,118.88888635111566
2005-11-23,118.8702424893393
2005-11-24,118.84214340888606
2005-11-25,119.43868205494668
2005-11-28,118.38815776354495
2005-11-29,118.62176760593226
2005-11-30,117.75132378345684
2005-12-01,119.77700999856972
2005-12-02,120.49297486247856
2005-12-05,119.79969592755312
2005-12-06,119.91569233456268
2005-12-07,120.05590489659492
2005-12-08,119.06084090875494
2005-12-09,119.35345612550856
2005-12-12,118.90754283894503
2005-12-13,119.53104707158224
2005-12-14,119.13569339545272
2005-12-15,119.35746189820516
2005-12-16,119.09032456623557
2005-12-19,118.79819717662234
2005-12-20,119.72808436470504
2005-12-21,120.78132579741644
2005-12-22,120.72378339976422
2005-12-23,120.7915073971768
2005-12-26,120.87310290534292
2005-12-27,120.20227833062836
2005-12-28,120.0596117802482
2005-12-29,120.63941587570132
2005-12-30,120.2988363656105
2006-01-02,120.42988572890988
2006-01-03,120.69023377754772
2006-01-04,120.88174111915298
2006-01-05,120.8689445207942
2006-01-06,121.52620589584932
2006-01-09,122.35974705683064
2006-01-10,121.93615428113344
2006-01-11,122.34546225346108
2006-01-12,122.583084173544
2006-01-13,122.12586560880808
2006-01-16,121.73485331346647
2006-01-17,121.16941264467611
2006-01-18,119.8672679608412
2006-01-19,120.77541137891872
2006-01-20,119.60892604522286
2006-01-23,118.22449247223967
2006-01-24,118.51563528025925
2006-01-25,118.8210682897896
2006-01-26,119.91355249472949
2006-01-27,121.99322999650468
2006-01-30,122.52674267615949
2006-01-31,122.07421228678136
2006-02-01,122.64961583006004
2006-02-02,121.843278674732
2006-02-03,121.94048763809248
2006-02-06,122.3226105666265
2006-02-07,121.81632230172676
2006-02-08,121.78052085807704
2006-02-09,122.26528281614054
2006-02-10,122.43063941718054
2006-02-13,122.00138028270828
2006-02-14,123.06336013377592
2006-02-15,123.03359768404812
2006-02-16,123.87911128974878
2006-02-17,123.37229138500943
2006-02-20,123.16878230457527
2006-02-21,123.68436300008752
2006-02-22,124.5017750041778
2006-02-23,124.34659904146667
2006-02-24,125.04743729238568
2006-02-27,125.741534852361
2006-02-28,124.14682304140032
2006-03-01,124.73537441060668
2006-03-02,123.9965603488525
2006-03-03,123.48380415553648
2006-03-06,123.22588456446957
2006-03-07,123.55021489189156
2006-03-08,122.98863603442275
2006-03-09,123.28742127714264
2006-03-10,124.16391980532052
2006-03-13,124.55679893334562
2006-03-14,124.78538652867792
2006-03-15,125.1098234015498
2006-03-16,124.25804883098547
2006-03-17,124.4694992986486
2006-03-20,124.59474683243074
2006-03-21,124.70278078547848
2006-03-22,125.24208924989536
2006-03-23,125.65763042474536
2006-03-24,125.84916421582106
2006-03-27,125.51995537551116
2006-03-28,124.55610795498022
2006-03-29,125.78335282932454
2006-03-30,125.3071123931754
2006-03-31,124.99996004286383
2006-04-03,125.64052855219074
2006-04-04,124.80918916761192
2006-04-05,125.26560001500847
2006-04-06,125.90021533922074
2006-04-07,125.96581476536277
2006-04-10,126.15383321792936
2006-04-11,124.99241898710343
2006-04-12,124.83033977574716
2006-04-13,125.20033421684543
2006-04-14,125.20734007317252
2006-04-17,123.65185570402753
2006-04-18,124.98054740063051
2006-04-19,125.36034150334211
2006-04-20,125.68026168128694
2006-04-21,125.93205750055218
2006-04-24,125.24936757450918
2006-04-25,124.77454950409266
2006-04-26,124.88943475390644
2006-04-27,124.38952087794073
2006-04-28,123.73383273295909
2006-05-01,123.68387161051037
2006-05-02,124.37758531964104
2006-05-03,124.01759896651905
2006-05-04,123.86752832892908
2006-05-05,124.80292951741896
2006-05-08,125.2563295134726
2006-05-09,125.19660459944552
2006-05-10,124.58376884633503
2006-05-11,123.35465586150416
2006-05-12,121.18821218301991
2006-05-15,120.84654736980286
2006-05-16,120.4171116593538
2006-05-17,118.85538589644707
2006-05-18,117.6641299176768
2006-05-19,118.36160384748042
2006-05-22,116.1583135880525
2006-05-23,116.38068462364834
2006-05-24,116.50788359018595
2006-05-25,117.51699844948666
2006-05-26,119.203136959584
2006-05-29,119.07805705071826
2006-05-30,116.54720975317404
2006-05-31,117.19980272076216
2006-06-01,118.31652229369917
2006-06-02,118.2472077559111
2006-06-05,116.6895799141458
2006-06-06,116.0658687136384
2006-06-07,115.7607675596398
2006-06-08,115.04164767619248
2006-06-09,115.67074369047464
2006-06-12,114.9419829014566
2006-06-13,112.82778045452534
2006-06-14,112.96658306256344
2006-06-15,115.28718588488228
2006-06-16,115.22585667314696
2006-06-19,115.19934540905255
2006-06-20,115.14715476591132
2006-06-21,115.4158942202656
2006-06-22,115.9897973578674
2006-06-23,116.33194205855126
2006-06-26,116.35586915571216
2006-06-27,115.33105256588009
2006-06-28,115.88780251630408
2006-06-29,118.13540773974375
2006-06-30,117.69688733236374
2006-07-03,118.28925884603842
2006-07-04,118.5723931458851
2006-07-05,117.84258711898644
2006-07-06,118.06384278202164
2006-07-07,117.3388325703698
2006-07-10,118.18129018206804
2006-07-11,117.9094858443106
2006-07-12,117.40769737755204
2006-07-13,115.92037258753824
2006-07-14,115.088169805156
2006-07-17,115.37273152647457
2006-07-18,115.14576768100576
2006-07-19,116.67442395902216
2006-07-20,116.20867431408458
2006-07-21,115.08968966396158
2006-07-24,117.0858887749022
2006-07-25,117.80987666366676
2006-07-26,117.9254837923753
2006-07-27,117.70118495962396
2006-07-28,118.70770798589768
2006-07-31,118.66344348994386
2006-08-01,118.08130069906098
2006-08-02,118.55219346694416
2006-08-03,118.41762086942484
2006-08-04,118.23845757566252
2006-08-07,117.5598439572761
2006-08-08,117.75100100982434
2006-08-09,117.60653076133168
2006-08-10,118.2088993708164
2006-08-11,117.9686740348758
2006-08-14,118.58823251884026
2006-08-15,119.60393481955448
2006-08-16,120.18700251308992
2006-08-17,120.36183097663114
2006-08-18,120.7668879280336
2006-08-21,119.79643291806994
2006-08-22,120.77283000872376
2006-08-23,120.45152409998266
2006-08-24,120.46449375214416
2006-08-25,120.61290484662264
2006-08-28,120.68929581024364
2006-08-29,121.30420100248956
2006-08-30,121.06185449288502
2006-08-31,121.37268774254684
2006-09-01,121.9086308377032
2006-09-04,122.03269503866066
2006-09-05,122.39222160418343
2006-09-06,121.23944816660035
2006-09-07,120.63165784754564
2006-09-08,121.36389283972883
2006-09-11,120.52921455891618
2006-09-12,121.60419038218836
2006-09-13,122.11885369282793
2006-09-14,121.70701749141558
2006-09-15,122.5253892666218
2006-09-18,122.41597887870742
2006-09-19,121.98877202051294
2006-09-20,122.42488679687636
2006-09-21,122.31741880185716
2006-09-22,121.033522229543
2006-09-25,121.88656843949612
2006-09-26,123.2458305575691
2006-09-27,123.7478974149277
2006-09-28,124.12311134415572
2006-09-29,124.1094095662967
2006-10-02,123.5587487758572
2006-10-03,123.4065414064502
2006-10-04,124.6402508939268
2006-10-05,125.48587455606038
2006-10-06,125.88588108068107
2006-10-09,125.88157441414766
2006-10-10,126.73008687584792
2006-10-11,126.4042657676109
2006-10-12,127.42351113880568
2006-10-13,128.14042243712424
2006-10-16,128.56198483525705
2006-10-17,127.66828243752764
2006-10-18,128.29918313388356
2006-10-19,127.86556873585776
2006-10-20,128.0853931555839
2006-10-23,129.0784543342272
2006-10-24,129.163810497391
2006-10-25,129.31926772520768
2006-10-26,129.2801821515749
2006-10-27,128.27174964029842
2006-10-30,127.97642227011887
2006-10-31,127.69682017567162
2006-11-01,127.30889530966304
2006-11-02,127.14514092435094
2006-11-03,127.53385973939568
2006-11-06,128.6401052088197
2006-11-07,128.54868561570964
2006-11-08,128.76727517288185
2006-11-09,127.9918960269453
2006-11-10,127.64318861551725
2006-11-13,127.96434913932644
2006-11-14,128.57444463707233
2006-11-15,128.99742709375056
2006-11-16,129.1129893055082
2006-11-17,128.7096604979903
2006-11-20,128.4583992658036
2006-11-21,128.6984761296985
2006-11-22,128.51137268174548
2006-11-23,128.40171296412095
2006-11-24,126.86436899770352
2006-11-27,125.24140853606752
2006-11-28,125.07595980242188
2006-11-29,126.53110483523344
2006-11-30,125.96811856973324
2006-12-01,125.02719331406996
2006-12-04,125.9107782572054
2006-12-05,126.5500380447372
2006-12-06,126.62510302737704
2006-12-07,126.77105905809236
2006-12-08,126.63951476781618
2006-12-11,127.5824225101378
2006-12-12,127.5481696490626
2006-12-13,128.02827160349094
2006-12-14,129.31304557899242
2006-12-15,130.11644001507526
2006-12-18,130.01184795955996
2006-12-19,128.98922398065565
2006-12-20,129.18836270788205
2006-12-21,129.0170721111677
2006-12-22,128.55245235277923
2006-12-25,128.50297235808353
2006-12-26,128.91961794304677
2006-12-27,130.0382508692865
2006-12-28,129.8911050848466
2006-12-29,129.20173888458075
2007-01-01,129.20173888458075
2007-01-02,129.24928521295757
2007-01-03,129.5658684004463
2007-01-04,130.24001157349284
2007-01-05,129.91598458660155
2007-01-08,129.919355620675
2007-01-09,130.10892294707574
2007-01-10,130.01385950236948
2007-01-11,131.48507892386874
2007-01-12,132.13106573576408
2007-01-15,132.6232254927453
2007-01-16,132.38728499163412
2007-01-17,132.24937028409124
2007-01-18,131.99055368121543
2007-01-19,132.55175718520866
2007-01-22,132.1263540849087
2007-01-23,131.923403225869
2007-01-24,133.4540816148319
2007-01-25,132.39831682035967
2007-01-26,132.41851560208775
2007-01-29,132.25503145127075
2007-01-30,132.7335775090305
2007-01-31,132.65854779715954
2007-02-01,133.61062575792306
2007-02-02,134.25046767112562
2007-02-05,134.46917947931695
2007-02-06,134.65392422901695
2007-02-07,134.43931589732753
2007-02-08,133.7325276643295
2007-02-09,133.8884334306954
2007-02-12,133.58608824333507
2007-02-13,134.0446713702298
2007-02-14,134.37256309995203
2007-02-15,134.6497065306741
2007-02-16,134.66193631612833
2007-02-19,134.71298631114968
2007-02-20,134.66523804026104
2007-02-21,134.39285195494762
2007-02-22,134.77722933336258
2007-02-23,134.44267100382376
2007-02-26,134.65680071574553
2007-02-27,130.58468626198402
2007-02-28,129.8202880181423
2007-03-01,129.48145756469836
2007-03-02,128.41635368295803
2007-03-05,127.15647479397695
2007-03-06,128.85422118715692
2007-03-07,128.78202730696546
2007-03-08,130.14600380268934
2007-03-09,130.42598540717427
2007-03-12,130.17132275651667
2007-03-13,128.2234436935373
2007-03-14,126.83019865167688
2007-03-15,127.93774967676244
2007-03-16,127.23556865035378
2007-03-19,128.76646832245868
2007-03-20,129.75137118965029
2007-03-21,130.9600691949326
2007-03-22,131.52479528982084
2007-03-23,132.26401418366336
2007-03-26,131.80387016037415
2007-03-27,131.15323569405578
2007-03-28,130.28530727388525
2007-03-29,131.1082755341122
2007-03-30,131.18373158995104
2007-04-02,130.91231987259542
2007-04-03,132.16733852530322
2007-04-04,132.65305314134525
2007-04-05,132.43147304566529
2007-04-06,132.39787608496218
2007-04-09,132.97824913262502
2007-04-10,133.01594267290636
2007-04-11,132.59159619112998
2007-04-12,132.43341469538854
2007-04-13,132.67062777545897
2007-04-16,133.86619420774775
2007-04-17,133.89014928004437
2007-04-18,133.90898336420767
2007-04-19,133.15400659968404
2007-04-20,134.44618814085288
2007-04-23,134.4505059690911
2007-04-24,133.63283715354115
2007-04-25,134.24229994855182
2007-04-26,134.6387439598234
2007-04-27,134.01830002081672
2007-04-30,133.59842244863083
2007-05-01,133.9344896514299
2007-05-02,134.81596564703602
2007-05-03,135.4861123154958
2007-05-04,135.95051843878184
2007-05-07,136.29661410905405
2007-05-08,136.4685384496825
2007-05-09,136.8024379279669
2007-05-10,135.67408016609534
2007-05-11,136.3904755536413
2007-05-14,136.18584120597822
2007-05-15,135.72467705878975
2007-05-16,136.31191186903197
2007-05-17,136.92071067525893
2007-05-18,137.69149521553126
2007-05-21,138.19929816570104
2007-05-22,138.29528400756075
2007-05-23,138.50058689151834
2007-05-24,137.7313644361977
2007-05-25,137.74605846723637
2007-05-28,137.90246777837953
2007-05-29,138.0270010978537
2007-05-30,138.843088266293
2007-05-31,139.2897486466389
2007-06-01,140.41497702622055
2007-06-04,140.16330874171007
2007-06-05,139.28775833883373
2007-06-06,138.19616334224415
2007-06-07,136.5862512784046
2007-06-08,137.7001961332631
2007-06-11,138.32728200544656
2007-06-12,137.4638161776166
2007-06-13,138.59800501849634
2007-06-14,139.70480808139862
2007-06-15,140.56679534858787
2007-06-18,140.2670827277807
2007-06-19,140.17044276167084
2007-06-20,139.33561822259537
2007-06-21,139.46930397130467
2007-06-22,138.1015373424601
2007-06-25,137.46287940063522
2007-06-26,136.89646168682916
2007-06-27,137.2442566018674
2007-06-28,137.61443004438584
2007-06-29,137.7138922542195
2007-07-02,137.71577135084425
2007-07-03,138.53925417163975
2007-07-04,138.67855535313618
2007-07-05,138.65722291927065
2007-07-06,138.95660874019657
2007-07-09,139.37349268498713
2007-07-10,137.35329968468585
2007-07-11,136.98398646951557
2007-07-12,138.81994060697463
2007-07-13,139.5047891949901
2007-07-16,139.45217661257814
2007-07-17,139.14631849374828
2007-07-18,138.25379033929488
2007-07-19,139.03813469799417
2007-07-20,137.85433996207226
2007-07-23,138.32962525137057
2007-07-24,136.31795557718482
2007-07-25,136.83431737258718
2007-07-26,133.67792745345497
2007-07-27,132.30555407673424
2007-07-30,132.7706880979757
2007-07-31,132.86372884128292
2007-08-01,132.21604370728755
2007-08-02,132.97185671166537
2007-08-03,130.17221364367282
2007-08-06,130.92413580189174
2007-08-07,132.01481609860028
2007-08-08,133.72287486431628
2007-08-09,131.89540454521284
2007-08-10,130.16596738597238
2007-08-13,131.46501132257555
2007-08-14,130.0006942037587
2007-08-15,129.05428394800873
2007-08-16,127.87641966944147
2007-08-17,128.93913267851528
2007-08-20,130.0940855033792
2007-08-21,130.50222563588412
2007-08-22,131.8539007206906
2007-08-23,131.99620775351934
2007-08-24,132.4521303455437
2007-08-27,132.07259417026893
2007-08-28,129.71401544372048
2007-08-29,131.053369442905
2007-08-30,131.4585262239281
2007-08-31,133.30829273251945
2007-09-03,133.61133087632695
2007-09-04,134.72339000125373
2007-09-05,132.68264790487538
2007-09-06,132.9118642594038
2007-09-07,130.4733805187242
2007-09-10,129.45327565130555
2007-09-11,130.8850350921045
2007-09-12,130.77155960898918
2007-09-13,131.6059543629189
2007-09-14,131.5270492639676
2007-09-17,130.49996195275938
2007-09-18,132.61746952742334
2007-09-19,134.31669896238787
2007-09-20,133.1059012998403
2007-09-21,133.38244332836197
2007-09-24,133.2080697465489
2007-09-25,132.80936123822678
2007-09-26,133.4042892487123
2007-09-27,134.33679257418612
2007-09-28,133.86415963182827
2007-10-01,134.93949317892935
2007-10-02,135.88993317811045
2007-10-03,135.7747099866002
2007-10-04,135.93899365499314
2007-10-05,137.13007696548843
2007-10-08,137.18050689181024
2007-10-09,137.95430698448826
2007-10-10,137.478293295049
2007-10-11,137.1685311571675
2007-10-12,137.81689474869867
2007-10-15,136.4451693287853
2007-10-16,135.71026641469263
2007-10-17,135.76134290405616
2007-10-18,135.1821633707093
2007-10-19,133.1477061708006
2007-10-22,133.0957660400551
2007-10-23,133.73596253878245
2007-10-24,133.40342067583234
2007-10-25,133.2983601205445
2007-10-26,134.45979157504
2007-10-29,135.41296455970544
2007-10-30,134.52282980573722
2007-10-31,135.62399498962796
2007-11-01,133.59722766211823
2007-11-02,132.67159974279187
2007-11-05,131.78196943412587
2007-11-06,132.40463755189032
2007-11-07,129.72064768233207
2007-11-08,128.78629397576742
2007-11-09,127.05156378405891
2007-11-12,126.5407205874663
2007-11-13,128.02571421667926
2007-11-14,127.7650245747876
2007-11-15,126.50474745834696
2007-11-16,126.15423001684736
2007-11-19,123.95373210740988
2007-11-20,124.08295789794182
2007-11-21,121.53074617092793
2007-11-22,121.69101558906164
2007-11-23,123.642833659957
2007-11-26,122.26968857420408
2007-11-27,122.75938602598936
2007-11-28,126.04222241962748
2007-11-29,126.66119083739405
2007-11-30,128.2103830639933
2007-12-03,127.84025858219698
2007-12-04,126.14759533710776
2007-12-05,128.34334341087808
2007-12-06,129.78263425195243
2007-12-07,129.98710636435783
2007-12-10,130.3397973792596
2007-12-11,128.81886185293945
2007-12-12,129.20585714951304
2007-12-13,128.15821517292386
2007-12-14,128.08552956739098
2007-12-17,126.21973646341176
2007-12-18,126.33123708174884
2007-12-19,126.10722169053469
2007-12-20,126.86479876857588
2007-12-21,128.55811637203124
2007-12-24,129.0013827134659
2007-12-25,129.2476937051916
2007-12-26,128.83293754771353
2007-12-27,127.6165129389968
2007-12-28,126.80789975022432
2007-12-31,127.0583610457111
2008-01-01,127.0583610457111
2008-01-02,125.31728649596782
2008-01-03,125.21107846500462
2008-01-04,122.14688839192335
2008-01-07,122.13005801257589
2008-01-08,121.3552298518088
2008-01-09,121.96115868290894
2008-01-10,121.42541758981444
2008-01-11,119.86606302642556
2008-01-14,120.28042082923048
2008-01-15,117.65445743950956
2008-01-16,117.0656177179476
2008-01-17,115.3739133157695
2008-01-18,115.00078661676876
2008-01-21,112.72489185140184
2008-01-22,111.37775717221652
2008-01-23,112.27927556688816
2008-01-24,114.49602132629316
2008-01-25,114.5361425573699
2008-01-28,114.12973315804275
2008-01-29,115.52646886165266
2008-01-30,114.68901085290352
2008-01-31,115.8783979931368
2008-02-01,117.42789196449664
2008-02-04,117.22897193578976
2008-02-05,114.77041882477118
2008-02-06,113.7995519382451
2008-02-07,114.32453494819946
2008-02-08,114.22664403208552
2008-02-11,114.22060209624094
2008-02-12,115.37811567655145
2008-02-13,116.2060753109996
2008-02-14,115.7851424379292
2008-02-15,114.7530103739861
2008-02-18,115.56110731072155
2008-02-19,115.43134999534448
2008-02-20,115.40134230314762
2008-02-21,114.6237830597738
2008-02-22,114.56641430195609
2008-02-25,116.26031100110274
2008-02-26,117.0865501714994
2008-02-27,116.2581393736006
2008-02-28,114.67257074034154
2008-02-29,112.3618513157101
2008-03-03,111.15264724230757
2008-03-04,110.23780610234697
2008-03-05,110.9971085688966
2008-03-06,109.20839446355264
2008-03-07,107.80964611414797
2008-03-10,106.15240344205172
2008-03-11,108.74443396377885
2008-03-12,108.36556178685738
2008-03-13,107.58991928749316
2008-03-14,105.87735751007226
2008-03-17,102.62473642212508
2008-03-18,105.91688590144749
2008-03-19,105.08651184695206
2008-03-20,106.9387319356858
2008-03-21,107.13462375599418
2008-03-24,108.05852356246449
2008-03-25,109.0448040537098
2008-03-26,107.8710397445624
2008-03-27,107.38744570109456
2008-03-28,107.0701839352533
2008-03-31,106.61799732905445
2008-04-01,110.62285573435624
2008-04-02,111.54658682640326
2008-04-03,111.69122902967084
2008-04-04,111.4659490662534
2008-04-07,112.13083623026851
2008-04-08,111.30377652027872
2008-04-09,110.08851884694484
2008-04-10,110.23297056573256
2008-04-11,108.66737958116144
2008-04-14,107.76333129409868
2008-04-15,108.45078892765405
2008-04-16,110.0249301944388
2008-04-17,110.11713353364114
2008-04-18,112.56949566481542
2008-04-21,111.860560193653
2008-04-22,110.75448566106928
2008-04-23,111.56595435780147
2008-04-24,112.567742358009
2008-04-25,113.92883603469323
2008-04-28,114.33604066429557
2008-04-29,113.98636863320928
2008-04-30,114.21463404355
2008-05-01,115.62765610917424
2008-05-02,117.10092786751648
2008-05-05,116.49052366074822
2008-05-06,116.52204535954512
2008-05-07,116.66252273568884
2008-05-08,116.82489709638934
2008-05-09,115.72557698882588
2008-05-12,116.19927150776076
2008-05-13,116.30767026397974
2008-05-14,116.90430227685586
2008-05-15,117.89101793391964
2008-05-16,118.1203287495963
2008-05-19,118.8581509297084
2008-05-20,116.98353978523014
2008-05-21,114.90358650285783
2008-05-22,115.4252303693591
2008-05-23,113.7901712598116
2008-05-26,113.3271524434485
2008-05-27,113.8255202713
2008-05-28,114.68522579301398
2008-05-29,115.79972838998388
2008-05-30,116.1689102162583
2008-06-02,115.52083169362982
2008-06-03,115.51538997700904
2008-06-04,115.29846403199484
2008-06-05,115.72348866417242
2008-06-06,112.6044271333285
2008-06-09,112.07961421685576
2008-06-10,112.3475678049776
2008-06-11,110.7582018405506
2008-06-12,111.15098849379194
2008-06-13,112.67381591058086
2008-06-16,112.40592143914688
2008-06-17,112.17960766534188
2008-06-18,111.1883902056842
2008-06-19,110.88657896325276
2008-06-20,108.3727201242912
2008-06-23,108.9540946399826
2008-06-24,107.95356459353812
2008-06-25,108.71102093476608
2008-06-26,105.57988583013378
2008-06-27,105.1359668866003
2008-06-30,105.44474842366392
2008-07-01,104.74565960996529
2008-07-02,102.73428808424596
2008-07-03,103.52859784893444
2008-07-04,103.23949756547846
2008-07-07,103.27464135059056
2008-07-08,103.2548775034684
2008-07-09,102.61217207798737
2008-07-10,102.06630942877769
2008-07-11,100.25244092642107
2008-07-14,100.04274961565903
2008-07-15,98.267840754627
2008-07-16,100.22290810393282
2008-07-17,101.51334290879689
2008-07-18,101.9003420205381
2008-07-21,102.343243108273
2008-07-22,103.13141753100808
2008-07-23,104.64481974728184
2008-07-24,103.21278918761185
2008-07-25,102.94889371313624
2008-07-28,101.38905224964876
2008-07-29,102.89509225881272
2008-07-30,104.7974782550266
2008-07-31,103.87703558885876
2008-08-01,103.03160907754857
2008-08-04,101.71210474523278
2008-08-05,104.21062286868316
2008-08-06,105.36720530713583
2008-08-07,104.34656879770198
2008-08-08,107.18539986331058
2008-08-11,108.36309982104684
2008-08-12,108.0135165106277
2008-08-13,107.11681035065796
2008-08-14,107.35627144874933
2008-08-15,108.53886692637364
2008-08-18,107.83361177574984
2008-08-19,106.15279865998218
2008-08-20,106.65751060417448
2008-08-21,105.96032632955418
2008-08-22,107.23739230523084
2008-08-25,106.43926922987178
2008-08-26,107.18203720470218
2008-08-27,107.473370991119
2008-08-28,108.7322958756977
2008-08-29,108.53940965296844
2008-09-01,108.78258116379196
2008-09-02,108.71985561786106
2008-09-03,108.37087565613513
2008-09-04,105.94262553792711
2008-09-05,105.76018213958338
2008-09-08,108.59180616312771
2008-09-09,106.399441896901
2008-09-10,106.94341067645732
2008-09-11,107.87749048972876
2008-09-12,107.64242439823752
2008-09-15,103.65680671670316
2008-09-16,103.41524791088432
2008-09-17,99.82010653970512
2008-09-18,100.66459178042533
2008-09-19,106.19954279187976
2008-09-22,102.7953755889818
2008-09-23,100.93947527398832
2008-09-24,100.91449778266949
2008-09-25,102.36035763686824
2008-09-26,101.92334453270736
2008-09-29,95.9777013872174
2008-09-30,100.23244849150774
2008-10-01,100.71548595077512
2008-10-02,98.4788669800476
2008-10-03,98.20974344963808
2008-10-06,94.66085509486322
2008-10-07,90.79403099043655
2008-10-08,87.61815320748643
2008-10-09,83.60999048320348
2008-10-10,80.29651688187924
2008-10-13,87.422874106296
2008-10-14,89.36902034736171
2008-10-15,83.36803988782097
2008-10-16,83.28761090754796
2008-10-17,84.21166355857348
2008-10-20,88.5988479648404
2008-10-21,87.83334099094792
2008-10-22,83.99525169268827
2008-10-23,84.22938194599737
2008-10-24,81.55192105664327
2008-10-27,79.83428317474268
2008-10-28,85.22360421394103
2008-10-29,85.72072485176724
2008-10-30,88.31465755495057
2008-10-31,89.97855440930134
2008-11-03,89.82510661594554
2008-11-04,92.62357609073244
2008-11-05,89.77311842609122
2008-11-06,86.30192807476209
2008-11-07,87.63291056717323
2008-11-10,87.54886141823778
2008-11-11,86.1728112847145
2008-11-12,82.91635673208752
2008-11-13,84.89332971734272
2008-11-14,82.80729371668268
2008-11-17,81.10374403322648
2008-11-18,81.34534087578773
2008-11-19,77.5413568153102
2008-11-20,73.58395589418451
2008-11-21,75.8986848633815
2008-11-24,79.09089616362726
2008-11-25,79.41152561563885
2008-11-26,81.28169710180478
2008-11-27,82.11908023705982
2008-11-28,84.0979874750314
2008-12-01,78.78590061580469
2008-12-02,79.58328110495987
2008-12-03,81.03214387867065
2008-12-04,79.26602589958158
2008-12-05,80.00851500336714
2008-12-08,82.75009052094687
2008-12-09,82.3031779834504
2008-12-10,82.77445536718493
2008-12-11,80.6455864970851
2008-12-12,79.18300915362218
2008-12-15,77.95943138194369
2008-12-16,79.70174003809855
2008-12-17,77.48055076993803
2008-12-18,75.94841330849971
2008-12-19,77.85215132666318
2008-12-22,76.69758087679388
2008-12-23,76.21434190594088
2008-12-24,75.95666752070736
2008-12-25,76.06544745859749
2008-12-26,76.0664502995814
2008-12-29,75.74817296637684
2008-12-30,77.50393288539605
2008-12-31,79.23143782838221
2009-01-01,79.23143782838221
2009-01-02,81.26307385025194
2009-01-05,82.99382923272121
2009-01-06,84.94607414102018
2009-01-07,82.42768706858179
2009-01-08,81.91394248038837
2009-01-09,81.77067579698172
2009-01-12,80.94135610849892
2009-01-13,80.82541240140723
2009-01-14,78.43065115109948
2009-01-15,78.21856747162167
2009-01-16,78.2434426645411
2009-01-19,78.26657686879015
2009-01-20,76.28711564354398
2009-01-21,77.98614620906362
2009-01-22,76.74119094323562
2009-01-23,77.28614612452772
2009-01-26,76.78395575812505
2009-01-27,77.69845335065472
2009-01-28,79.60981928175329
2009-01-29,78.57733026468385
2009-01-30,78.41369176538693
2009-02-02,77.55149484787198
2009-02-03,77.9518103841869
2009-02-04,78.90839284804278
2009-02-05,79.64381166447852
2009-02-06,81.22807009013582
2009-02-09,80.44923498170213
2009-02-10,77.83644011937687
2009-02-11,78.5545537411945
2009-02-12,78.64455678472928
2009-02-13,77.76952260376257
2009-02-16,77.8987902674453
2009-02-17,76.00372763063714
2009-02-18,75.79005153694509
2009-02-19,74.73637591359012
2009-02-20,73.53721559830649
2009-02-23,71.40153056135532
2009-02-24,72.30103305415194
2009-02-25,72.25271836059876
2009-02-26,71.9418129220993
2009-02-27,71.02189344164157
2009-03-02,68.11810176088225
2009-03-03,67.44232988871283
2009-03-04,69.1203630617483
2009-03-05,67.08105204524034
2009-03-06,66.21390765084827
2009-03-09,65.5022506065814
2009-03-10,68.36364473762065
2009-03-11,68.80410228769105
2009-03-12,70.05171533910084
2009-03-13,70.56004942284548
2009-03-16,70.81182825279102
2009-03-17,72.19110536088627
2009-03-18,72.37713793048246
2009-03-19,70.36549942060498
2009-03-20,70.0487142081583
2009-03-23,73.60952201281218
2009-03-24,73.31256079397937
2009-03-25,73.7101464130709
2009-03-26,74.75060425575911
2009-03-27,74.65781761318534
2009-03-30,72.5321021758044
2009-03-31,73.06118514261718
2009-04-01,74.4621881541925
2009-04-02,76.43746122158647
2009-04-03,76.73743598551177
2009-04-06,76.27582929601762
2009-04-07,75.63448431659887
2009-04-08,76.13714750166335
2009-04-09,78.63400140422087
2009-04-10,78.68810262954234
2009-04-13,78.43140648671336
2009-04-14,78.3930523865629
2009-04-15,79.0149177307693
2009-04-16,80.05484407920922
2009-04-17,81.47366043861112
2009-04-20,79.25813324131398
2009-04-21,79.72781218038703
2009-04-22,79.48844440350892
2009-04-23,79.92628996422275
2009-04-24,80.36964951517217
2009-04-27,80.59302694403065
2009-04-28,79.97653536266648
2009-04-29,80.66207693794237
2009-04-30,81.41658160590936
2009-05-01,81.69688586608488
2009-05-04,83.47970949361546
2009-05-05,83.54820180868776
2009-05-06,84.99887347752981
2009-05-07,84.22398589027797
2009-05-08,85.54934798292882
2009-05-11,83.8101597027005
2009-05-12,83.52847798237208
2009-05-13,81.87686019109796
2009-05-14,82.08201654504842
2009-05-15,82.03866164736999
2009-05-18,84.08368825591411
2009-05-19,84.37832703261755
2009-05-20,83.87278259121962
2009-05-21,82.57034956413622
2009-05-22,81.58726178143071
2009-05-25,81.60640513503812
2009-05-26,83.0833772478039
2009-05-27,82.90436221967852
2009-05-28,83.0812151632344
2009-05-29,83.12561282583262
2009-06-01,85.21246700856099
2009-06-02,84.85340509689014
2009-06-03,84.08542835121199
2009-06-04,84.35612257919621
2009-06-05,85.12096454259137
2009-06-08,85.42385904671772
2009-06-09,85.18144024063724
2009-06-10,85.5976580282367
2009-06-11,86.0172918929989
2009-06-12,86.26551634797273
2009-06-15,85.00308227490285
2009-06-16,83.9196320747536
2009-06-17,83.41814794325539
2009-06-18,83.3684684079749
2009-06-19,84.12986153846019
2009-06-22,82.18449053441721
2009-06-23,81.35733843975042
2009-06-24,82.33500557061394
2009-06-25,83.65292149039348
2009-06-26,83.2220509346973
2009-06-29,83.89474869795548
2009-06-30,83.50573714641119
2009-07-01,83.65806076839004
2009-07-02,82.15942338410846
2009-07-03,82.17173621277102
2009-07-06,82.13304171734775
2009-07-07,80.71227073373014
2009-07-08,80.56150135161505
2009-07-09,80.57706240773501
2009-07-10,80.34029757542866
2009-07-13,81.46617717136664
2009-07-14,82.44632495297458
2009-07-15,83.91795186570765
2009-07-16,84.4588045019048
2009-07-17,84.64792246154643
2009-07-20,85.1673273863499
2009-07-21,85.86283251943718
2009-07-22,86.02292270960191
2009-07-23,87.43847807870009
2009-07-24,87.9725033418824
2009-07-27,88.25376414967977
2009-07-28,88.17135337771894
2009-07-29,88.50440372149176
2009-07-30,89.8306800771138
2009-07-31,89.61370464152552
2009-08-03,89.89677179500282
2009-08-04,90.11519345238446
2009-08-05,89.78498244043698
2009-08-06,89.70761826891695
2009-08-07,91.04874468894792
2009-08-10,91.0728630343516
2009-08-11,90.29712582695174
2009-08-12,90.6640780832516
2009-08-13,91.21604771220976
2009-08-14,90.98348206523146
2009-08-17,89.48805799337012
2009-08-18,90.22677507875244
2009-08-19,89.99463583468467
2009-08-20,90.95615913367836
2009-08-21,92.03156350887424
2009-08-24,92.52691986265802
2009-08-25,92.72129038257502
2009-08-26,93.01600956812035
2009-08-27,92.97710037016672
2009-08-28,92.74906432998723
2009-08-31,92.18581398327169
2009-09-01,90.87572578481904
2009-09-02,90.65077636433726
2009-09-03,90.97827878560597
2009-09-04,92.09554952601783
2009-09-07,92.27828341271162
2009-09-08,92.26811344960149
2009-09-09,92.49890734871478
2009-09-10,93.31797222645112
2009-09-11,93.3889413493786
2009-09-14,93.2003448696582
2009-09-15,93.53895401911814
2009-09-16,94.50378754180916
2009-09-17,94.47073231792896
2009-09-18,94.37519005288762
2009-09-21,94.09593356128768
2009-09-22,94.26371842359576
2009-09-23,93.89415731413136
2009-09-24,93.12464573069217
2009-09-25,92.66167533511462
2009-09-28,94.07699315899406
2009-09-29,94.46553214523551
2009-09-30,94.11244113086084
2009-10-01,92.381860860531
2009-10-02,91.0124391743087
2009-10-05,91.74975173200905
2009-10-06,92.84349479129442
2009-10-07,93.38965661547172
2009-10-08,94.07959516464857
2009-10-09,94.30537526142092
2009-10-12,94.47743087155035
2009-10-13,94.07039732599064
2009-10-14,95.26685711869584
2009-10-15,95.35832492707334
2009-10-16,94.90983004005317
2009-10-19,95.65858435486618
2009-10-20,95.29240626667357
2009-10-21,94.7362085274915
2009-10-22,94.6889718238383
2009-10-23,93.8030444713834
2009-10-26,93.17552665745276
2009-10-27,93.24274619129407
2009-10-28,91.7503384895837
2009-10-29,92.96525126192492
2009-10-30,91.57661272484718
2009-11-02,91.44185912014176
2009-11-03,91.88515513408925
2009-11-04,91.86052008665402
2009-11-05,92.60965537077792
2009-11-06,93.0380104801475
2009-11-09,94.29240618864144
2009-11-10,94.4720775857154
2009-11-11,94.80188430969912
2009-11-12,94.68687233718435
2009-11-13,95.147146476589
2009-11-16,95.97599727772408
2009-11-17,96.39133701983134
2009-11-18,95.7590091285536
2009-11-19,94.85723772994194
2009-11-20,94.4242775565788
2009-11-23,95.23261043381224
2009-11-24,94.97695403407764
2009-11-25,95.16793168527036
2009-11-26,94.30570975890778
2009-11-27,93.53291969507096
2009-11-30,93.6743353481122
2009-12-01,95.04063198886274
2009-12-02,95.32012795252376
2009-12-03,94.97681977314576
2009-12-04,96.10659855350644
2009-12-07,96.20487108848106
2009-12-08,95.66118006952644
2009-12-09,95.39631011852391
2009-12-10,95.99204202359276
2009-12-11,96.76529903206792
2009-12-14,97.3321969114075
2009-12-15,97.4017237205224
2009-12-16,97.91028375905636
2009-12-17,97.75748675139944
2009-12-18,98.13734102562113
2009-12-21,98.87935730474564
2009-12-22,99.76009738490046
2009-12-23,99.6724139701381
2009-12-24,100.00211687674854
2009-12-25,99.9503110258914
2009-12-28,100.1394406817204
2009-12-29,100.17390323692932
2009-12-30,100.34702011139072
2009-12-31,99.78283770407236
2010-01-01,99.78283770407236
2010-01-04,100.93338087681924
2010-01-05,101.384421938378
2010-01-06,101.6578671083008
2010-01-07,102.03956614645536
2010-01-08,102.5048374313578
2010-01-11,101.70285740848742
2010-01-12,101.08532296400304
2010-01-13,101.50396849616054
2010-01-14,102.28211084952244
2010-01-15,101.9839970158074
2010-01-18,102.0891367393794
2010-01-19,103.26405482510036
2010-01-20,102.85130113014672
2010-01-21,101.76366123554084
2010-01-22,99.7558971886303
2010-01-25,99.48766235587816
2010-01-26,99.7016396951583
2010-01-27,99.5525490240527
2010-01-28,99.08557420678277
2010-01-29,98.74193394964036
2010-02-01,99.63642969502236
2010-02-02,100.61362078283054
2010-02-03,100.37923881153478
2010-02-04,98.45754953354616
2010-02-05,98.27219778033414
2010-02-08,97.80913382025877
2010-02-09,98.32892758567398
2010-02-10,98.6483437072024
2010-02-11,99.93964804277566
2010-02-12,99.83241017662048
2010-02-15,99.95520055686166
2010-02-16,100.74568872123795
2010-02-17,101.9194829655789
2010-02-18,102.60292930997896
2010-02-19,103.059226704235
2010-02-22,102.954525706288
2010-02-23,102.09346079482606
2010-02-24,102.26184191701203
2010-02-25,102.07280295448872
2010-02-26,101.98656223373438
2010-03-01,103.93261762160938
2010-03-02,104.12241846688087
2010-03-03,103.86758646895812
2010-03-04,104.35716321104304
2010-03-05,105.69367851044092
2010-03-08,105.7384821770487
2010-03-09,106.23710106042728
2010-03-10,106.17659624140856
2010-03-11,106.32968253712524
2010-03-12,106.11281253323922
2010-03-15,106.44638373934978
2010-03-16,106.67178652393054
2010-03-17,107.61758195326492
2010-03-18,108.17866579573376
2010-03-19,108.23154650394218
2010-03-22,108.45887177562533
2010-03-23,109.12157494713834
2010-03-24,109.66625574199828
2010-03-25,109.84285795114336
2010-03-26,109.5480060817732
2010-03-29,109.71588034710612
2010-03-30,110.16657785159926
2010-03-31,109.23109311318026
2010-04-01,110.25003661944312
2010-04-02,110.30610158103994
2010-04-05,110.98032540523148
2010-04-06,112.07104596965904
2010-04-07,111.97857253228428
2010-04-08,111.69123850899784
2010-04-09,112.05764675928928
2010-04-12,111.27023556764208
2010-04-13,111.34545599672796
2010-04-14,112.0363428749793
2010-04-15,112.76369274819773
2010-04-16,111.48092286765002
2010-04-19,111.41016701482552
2010-04-20,112.41687922492
2010-04-21,112.75195892086036
2010-04-22,112.9189800838678
2010-04-23,113.04724628697312
2010-04-26,113.6571235869225
2010-04-27,111.32018460213128
2010-04-28,111.51250627613804
2010-04-29,112.49786362815377
2010-04-30,111.1731333143406
2010-05-03,112.57316340246608
2010-05-04,110.90125753135366
2010-05-05,111.10861006286947
2010-05-06,109.34413310788268
2010-05-07,107.36472223499244
2010-05-10,110.97636988753273
2010-05-11,111.4699820638222
2010-05-12,112.93135090748234
2010-05-13,113.3655120241626
2010-05-14,111.791611594044
2010-05-17,111.84448805336936
2010-05-18,111.10213856629592
2010-05-19,109.83218932325002
2010-05-20,106.65826208556894
2010-05-21,105.75660438137557
2010-05-24,106.35352702359148
2010-05-25,105.96252770065968
2010-05-26,106.6469693796772
2010-05-27,109.45972007767568
2010-05-28,108.43652544454386
2010-05-31,108.92937849534498
2010-06-01,107.74948164975665
2010-06-02,109.53244598590416
2010-06-03,110.70339235007144
2010-06-04,109.10099170845164
2010-06-07,108.11508254209856
2010-06-08,108.38148719509942
2010-06-09,107.9103822159934
2010-06-10,110.03086115642168
2010-06-11,110.70737366372944
2010-06-14,110.12935197257752
2010-06-15,111.57895171246886
2010-06-16,111.78531825067778
2010-06-17,111.6081917553059
2010-06-18,111.60123906807648
2010-06-21,112.15622124350496
2010-06-22,111.50859524168769
2010-06-23,110.9523843570525
2010-06-24,108.91436641095812
2010-06-25,108.83869041656732
2010-06-28,108.7992923571746
2010-06-29,106.67430051134048
2010-06-30,105.37924704391467
2010-07-01,103.1217834100647
2010-07-02,101.98259130327916
2010-07-05,102.26893538782112
2010-07-06,103.08143134870024
2010-07-07,105.19517434737728
2010-07-08,106.09167619492004
2010-07-09,107.1361907311954
2010-07-12,107.54555552751007
2010-07-13,108.54876180291744
2010-07-14,108.43429436438748
2010-07-15,107.05927654839545
2010-07-16,104.35306369468644
2010-07-19,104.17367269049204
2010-07-20,105.25361238952593
2010-07-21,105.30717883178444
2010-07-22,106.6678407205952
2010-07-23,108.12396486792994
2010-07-26,108.31686083509506
2010-07-27,108.02430864009202
2010-07-28,107.63250255992897
2010-07-29,106.96656970810685
2010-07-30,107.11074531840345
2010-08-02,108.41020896954691
2010-08-03,108.19313187487568
2010-08-04,108.82312536699598
2010-08-05,108.77862209609386
2010-08-06,107.59667345440788
2010-08-09,108.53570484120128
2010-08-10,108.62965455979682
2010-08-11,107.11205524814255
2010-08-12,106.92579329390476
2010-08-13,107.38481042296516
2010-08-16,106.95341347498052
2010-08-17,107.98077780669092
2010-08-18,108.21367439150448
2010-08-19,106.88330416463154
2010-08-20,107.11941377550316
2010-08-23,107.3177922458529
2010-08-24,105.71039001408468
2010-08-25,105.67406805477638
2010-08-26,105.0932281318781
2010-08-27,106.43143437203324
2010-08-30,106.16627768400792
2010-08-31,105.695742672352
2010-09-01,107.78214017142471
2010-09-02,108.45914213439734
2010-09-03,109.36299346256573
2010-09-06,109.69136807907672
2010-09-07,109.78500436571868
2010-09-08,110.12810258849636
2010-09-09,110.98284614150433
2010-09-10,111.31524713688673
2010-09-13,111.58784932315098
2010-09-14,111.021393174117
2010-09-15,110.6725097827292
2010-09-16,109.86852800394416
2010-09-17,110.2472807304682
2010-09-20,111.39658791878948
2010-09-21,110.7939092824481
2010-09-22,108.59620413376663
2010-09-23,108.56214503126184
2010-09-24,109.23065202500784
2010-09-27,109.05222464189926
2010-09-28,108.86042921623918
2010-09-29,108.42794193125796
2010-09-30,107.57404542382513
2010-10-01,107.29128954001196
2010-10-04,106.99786489932757
2010-10-05,107.90555948848188
2010-10-06,108.10468363184158
2010-10-07,107.80210710004582
2010-10-08,108.16965985783108
2010-10-11,108.53160652961785
2010-10-12,108.76316900083609
2010-10-13,109.06068119195014
2010-10-14,108.45613782266926
2010-10-15,108.79208913606344
2010-10-18,109.53476246963776
2010-10-19,109.22733840357267
2010-10-20,108.99651594771606
2010-10-21,109.0111469440417
2010-10-22,109.4446573153587
2010-10-25,109.62288691574282
2010-10-26,109.96408519767236
2010-10-27,109.79439153625395
2010-10-28,109.50840491931942
2010-10-29,109.60094683752864
2010-11-01,109.78543422410546
2010-11-02,109.65910238480616
2010-11-03,109.76348036766178
2010-11-04,110.7374725735186
2010-11-05,112.37623850478408
2010-11-08,113.16926066201664
2010-11-09,112.85194016327252
2010-11-10,113.871210396765
2010-11-11,113.90716215381433
2010-11-12,112.58397627328404
2010-11-15,113.3869065366861
2010-11-16,111.64262559392
2010-11-17,111.95988670524348
2010-11-18,113.2567179528388
2010-11-19,112.87674610222574
2010-11-22,112.96130956002254
2010-11-23,112.50999940818043
2010-11-24,113.90343130792216
2010-11-25,114.24819587599136
2010-11-26,114.35340011240372
2010-11-29,114.5743929207538
2010-11-30,114.49627535276896
2010-12-01,116.32154422032644
2010-12-02,117.34909021070628
2010-12-03,116.39518977186476
2010-12-06,117.01217227369816
2010-12-07,116.93609329249227
2010-12-08,117.83481958932724
2010-12-09,118.61753627697938
2010-12-10,118.72421591450212
2010-12-13,118.07903708060348
2010-12-14,118.33821308772492
2010-12-15,118.0725718259573
2010-12-16,119.3164989447634
2010-12-17,119.51200654779568
2010-12-20,120.15329197078628
2010-12-21,120.950303282334
2010-12-22,121.5274441684779
2010-12-23,121.78183217536552
2010-12-24,121.39314586390098
2010-12-27,120.9667620631642
2010-12-28,121.39537214200918
2010-12-29,121.70411001649953
2010-12-30,120.1488858553479
2010-12-31,119.2681478040864
2011-01-03,120.48403847675222
2011-01-04,121.01359265500928
2011-01-05,122.2199431156247
2011-01-06,123.11569602514167
2011-01-07,123.40211106783212
2011-01-10,123.2547407802073
2011-01-11,123.95785024760416
2011-01-12,124.2974976263283
2011-01-13,122.39933801071147
2011-01-14,122.49092138371338
2011-01-17,123.0307904677401
2011-01-18,122.90291885053968
2011-01-19,121.30158043168606
2011-01-20,120.75530927861276
2011-01-21,119.9090028703792
2011-01-24,120.00036336144434
2011-01-25,119.90414789253694
2011-01-26,120.4285844451439
2011-01-27,120.34253117736756
2011-01-28,119.54044769950512
2011-01-31,119.3427962929323
2011-02-01,120.64612387299694
2011-02-02,120.74525972900553
2011-02-03,122.06788947174852
2011-02-04,122.92066191649631
2011-02-07,123.74030007799983
2011-02-08,123.31369209722928
2011-02-09,122.57559263181264
2011-02-10,123.1215053966036
2011-02-11,123.872725993259
2011-02-14,125.07704843410396
2011-02-15,124.54631271178128
2011-02-16,125.2356969922192
2011-02-17,125.379580945383
2011-02-18,125.11884978506478
2011-02-21,124.4056675730287
2011-02-22,122.36207403854374
2011-02-23,121.02237716002374
2011-02-24,120.54509046438416
2011-02-25,122.2317071367193
2011-02-28,122.60912632691728
2011-03-01,121.4867595496727
2011-03-02,120.79464351641404
2011-03-03,121.56701825000368
2011-03-04,120.80991451935
2011-03-07,119.75749029458792
2011-03-08,120.95399266110796
2011-03-09,120.662715656144
2011-03-10,119.36446929467404
2011-03-11,119.16930203222527
2011-03-14,116.7808813733044
2011-03-15,114.197382867324
2011-03-16,113.54266966544112
2011-03-17,114.48462336187757
2011-03-18,114.1978715581334
2011-03-21,115.6224636239504
2011-03-22,115.72490177725346
2011-03-23,116.50482652805624
2011-03-24,116.98234666387958
2011-03-25,117.61205669943791
2011-03-28,117.552850730595
2011-03-29,118.18050077094682
2011-03-30,119.05497389706576
2011-03-31,118.15774558369957
2011-04-01,119.1238995066303
2011-04-04,118.77412797283392
2011-04-05,118.83902791932228
2011-04-06,118.14966411459324
2011-04-07,118.30170600843113
2011-04-08,117.66788768096794
2011-04-11,117.28616468039328
2011-04-12,115.6616119037089
2011-04-13,116.03491787373174
2011-04-14,116.20598377658207
2011-04-15,116.67540518551476
2011-04-18,116.583912712927
2011-04-19,116.37117609326867
2011-04-20,117.03812255632734
2011-04-21,117.51004951210751
2011-04-22,117.51647805936685
2011-04-25,117.29717869196035
2011-04-26,117.56925220010794
2011-04-27,117.86758347856195
2011-04-28,117.5872817871255
2011-04-29,117.82219964258309
2011-05-02,117.67826585508784
2011-05-03,117.34370528396224
2011-05-04,116.06846239628914
2011-05-05,116.8695704308492
2011-05-06,118.09606684961255
2011-05-09,119.61783822488135
2011-05-10,119.98091741571191
2011-05-11,119.748707905602
2011-05-12,120.06279260990608
2011-05-13,119.2963993144242
2011-05-16,118.48983863825384
2011-05-17,118.42355928549723
2011-05-18,118.87652497220093
2011-05-19,119.2049771655791
2011-05-20,119.25054994576692
2011-05-23,118.33335305449349
2011-05-24,117.8369247757935
2011-05-25,118.5277843937602
2011-05-26,118.89862733026877
2011-05-27,118.59407668480786
2011-05-30,118.49540334826814
2011-05-31,119.06977067215838
2011-06-01,117.03656513945852
2011-06-02,116.0372271473751
2011-06-03,114.57653307711
2011-06-06,113.40073525448884
2011-06-07,112.972270701814
2011-06-08,112.69513148368388
2011-06-09,114.00294308645918
2011-06-10,113.47567250844658
2011-06-13,113.35959541989536
2011-06-14,114.07908702573724
2011-06-15,113.63980350054948
2011-06-16,113.91378734245596
2011-06-17,113.21670485527684
2011-06-20,113.27525428493112
2011-06-21,114.57959513998485
2011-06-22,113.9037817864764
2011-06-23,114.59731449432812
2011-06-24,113.92129758118216
2011-06-27,113.55236347155969
2011-06-28,114.21923115132468
2011-06-29,115.5090089093928
2011-06-30,116.19602448029728
2011-07-01,117.4349439241406
2011-07-04,117.5805403787099
2011-07-05,117.777468452442
2011-07-06,118.74512478458124
2011-07-07,119.16632203916951
2011-07-08,119.249076270395
2011-07-11,118.97730648898856
2011-07-12,118.33417944567336
2011-07-13,118.03950520834204
2011-07-14,117.23968235598628
2011-07-15,117.71487283980886
2011-07-18,117.08314397710367
2011-07-19,117.46147407342724
2011-07-20,118.09590016362024
2011-07-21,118.32215073988174
2011-07-22,118.88018657197432
2011-07-25,118.4371257217112
2011-07-26,117.34684049016562
2011-07-27,116.12965989426912
2011-07-28,116.25469685658216
2011-07-29,115.1093295626854
2011-08-01,115.69792483165688
2011-08-02,113.08516233209475
2011-08-03,111.95458995879008
2011-08-04,108.16730492834633
2011-08-05,106.61489262905552
2011-08-08,101.19536659589969
2011-08-09,103.81777925830036
2011-08-10,101.0432924356762
2011-08-11,103.65549017241364
2011-08-12,105.32080589012594
2011-08-15,105.766349602671
2011-08-16,105.39670781053977
2011-08-17,105.3559320607522
2011-08-18,101.7159086519025
2011-08-19,99.57589893359858
2011-08-22,99.80652462951151
2011-08-23,102.07564902470624
2011-08-24,102.9113692288842
2011-08-25,102.09202587442373
2011-08-26,102.78535143120716
2011-08-29,103.99500177532336
2011-08-30,105.1988364244462
2011-08-31,106.79097074435164
2011-09-01,107.1862597094424
2011-09-02,105.01351354570023
2011-09-05,103.79719453511647
2011-09-06,103.321973254271
2011-09-07,106.1828327644879
2011-09-08,106.08174694935298
2011-09-09,105.1012531620824
2011-09-12,104.78654662480386
2011-09-13,105.38865841886648
2011-09-14,106.41174833668454
2011-09-15,107.29042137623472
2011-09-16,108.40137979615812
2011-09-19,107.962308475661
2011-09-20,107.69328489040272
2011-09-21,105.55690378070588
2011-09-22,102.8132852010378
2011-09-23,102.93666946427712
2011-09-26,104.66701588797898
2011-09-27,106.27670219504851
2011-09-28,104.99720470732991
2011-09-29,105.30968554604992
2011-09-30,104.70113266015431
2011-10-03,103.02890894893422
2011-10-04,102.97240281984752
2011-10-05,104.82008150387556
2011-10-06,106.7174256442807
2011-10-07,106.23602894800396
2011-10-10,107.80019605044868
2011-10-11,108.19957436229268
2011-10-12,108.48068818449345
2011-10-13,108.59665553937342
2011-10-14,108.92586948779407
2011-10-17,108.3856351390707
2011-10-18,109.54968919324764
2011-10-19,108.38380895112329
2011-10-20,108.46090834686328
2011-10-21,109.41602993445557
2011-10-24,111.13767775304925
2011-10-25,109.4981197271309
2011-10-26,110.59982345926576
2011-10-27,112.61820763588588
2011-10-28,112.65929902425891
2011-10-31,111.1328052996802
2011-11-01,109.38648142188734
2011-11-02,109.76599542871658
2011-11-03,111.8562831801556
2011-11-04,111.38508107673732
2011-11-07,111.6594694665821
2011-11-08,112.21983273793413
2011-11-09,110.7658819967573
2011-11-10,110.63119349111776
2011-11-11,111.90275655227934
2011-11-14,111.72633805696714
2011-11-15,112.32723504322055
2011-11-16,111.15681781535558
2011-11-17,109.75480829505928
2011-11-18,109.19722355433753
2011-11-21,107.14634316726564
2011-11-22,106.57913292450527
2011-11-23,105.4091585553714
2011-11-24,105.3469420728968
2011-11-25,105.5827406981946
2011-11-28,108.23886369492516
2011-11-29,109.09155421506271
2011-11-30,112.33773669378016
2011-12-01,112.25437052127909
2011-12-02,112.88893483157597
2011-12-05,113.6859842666
2011-12-06,113.87397910520372
2011-12-07,114.16769998701712
2011-12-08,112.6687024073448
2011-12-09,113.4346106448288
2011-12-12,112.94523764773017
2011-12-13,113.14111168653746
2011-12-14,112.32930340071944
2011-12-15,112.30606963888754
2011-12-16,112.2359145440671
2011-12-19,111.39618892287172
2011-12-20,113.40952461965004
2011-12-21,113.98001245695772
2011-12-22,114.75161213039772
2011-12-23,115.84150217737567
2011-12-26,115.90138714923128
2011-12-27,115.7368256969322
2011-12-28,115.29064475671886
2011-12-29,116.52946386271606
2011-12-30,116.42678122721402
2012-01-02,116.7694304785781
2012-01-03,118.0966106596602
2012-01-04,119.17844821476872
2012-01-05,119.60109443792732
2012-01-06,119.8212370028425
2012-01-09,119.68398923537576
2012-01-10,120.81816215134762
2012-01-11,121.36703456992132
2012-01-12,120.62669711100096
2012-01-13,121.23257433829164
2012-01-16,121.3245158533796
2012-01-17,121.630081628414
2012-01-18,121.93901831218608
2012-01-19,122.29594006291453
2012-01-20,122.30228049288364
2012-01-23,121.79982149980069
2012-01-24,121.87972226915602
2012-01-25,122.5765768178069
2012-01-26,121.57700519465104
2012-01-27,121.36481653540064
2012-01-30,120.8375600799011
2012-01-31,121.25132853967138
2012-02-01,121.89107765473122
2012-02-02,122.36116623251856
2012-02-03,124.18172109464182
2012-02-06,124.5726520580154
2012-02-07,123.49610728465387
2012-02-08,123.68670853665576
2012-02-09,123.5148412592853
2012-02-10,123.17843535733928
2012-02-13,123.85823634955146
2012-02-14,124.15610444783468
2012-02-15,124.9022439165728
2012-02-16,125.68640870756838
2012-02-17,125.303293033113
2012-02-20,125.14525584298312
2012-02-21,124.99986980386362
2012-02-22,124.68738772782254
2012-02-23,124.52835824343688
2012-02-24,123.74903314782172
2012-02-27,124.18622405152726
2012-02-28,124.40163131019936
2012-02-29,124.45057360657964
2012-03-01,125.43151045650826
2012-03-02,126.059934988834
2012-03-05,125.18196294369962
2012-03-06,123.7047430648764
2012-03-07,124.21222985416314
2012-03-08,124.70369399066404
2012-03-09,126.31139177840724
2012-03-12,125.89964467672576
2012-03-13,128.07337696046417
2012-03-14,128.62391516694854
2012-03-15,129.0471074468079
2012-03-16,128.69728806720926
2012-03-19,128.4727870067273
2012-03-20,127.8144747509064
2012-03-21,127.70201201725745
2012-03-22,126.8800742242155
2012-03-23,126.60789443398848
2012-03-26,127.4693221160602
2012-03-27,127.41132363147354
2012-03-28,126.92095277383456
2012-03-29,126.35565586274126
2012-03-30,126.6184925610193
2012-04-02,127.97629982789329
2012-04-03,126.91234055555194
2012-04-04,126.6051596579345
2012-04-05,126.9941217225428
2012-04-06,126.889685930156
2012-04-09,125.94377273388751
2012-04-10,123.78302809387594
2012-04-11,124.15154333465564
2012-04-12,125.36992739163531
2012-04-13,124.69984231124346
2012-04-16,124.77192965615816
2012-04-17,125.99975644429796
2012-04-18,125.8748280558556
2012-04-19,125.08434784189852
2012-04-20,124.87479026444905
2012-04-23,123.98691064422364
2012-04-24,123.99333956653324
2012-04-25,125.5456978196262
2012-04-26,125.89737826270589
2012-04-27,126.14710828518535
2012-04-30,125.95143644076614
2012-05-01,126.34581214755516
2012-05-02,126.53040332808624
2012-05-03,125.84674529865744
2012-05-04,124.3408555752446
2012-05-07,124.5766137874548
2012-05-08,124.08204016742312
2012-05-09,123.77931481588952
2012-05-10,123.98020870721533
2012-05-11,123.88926821947324
2012-05-14,123.11622203704292
2012-05-15,122.69011041830856
2012-05-16,122.10507267946214
2012-05-17,121.10099158464988
2012-05-18,119.66650142144596
2012-05-21,120.57725690460136
2012-05-22,121.532239842067
2012-05-23,121.93688436275389
2012-05-24,122.38386504711876
2012-05-25,122.78982597804718
2012-05-28,122.69934840438124
2012-05-29,123.90400971081664
2012-05-30,123.27621369736973
2012-05-31,123.1853620969015
2012-06-01,120.62565273101475
2012-06-04,119.16351783039852
2012-06-05,120.20852964051193
2012-06-06,122.54423499699004
2012-06-07,122.649369040864
2012-06-08,123.40767192210792
2012-06-11,122.486998705647
2012-06-12,123.83151064221929
2012-06-13,122.5223114056966
2012-06-14,122.90361480254606
2012-06-15,123.9105895686628
2012-06-18,124.7031755569906
2012-06-19,125.30713389434068
2012-06-20,125.32031763013282
2012-06-21,123.964558838845
2012-06-22,124.53883913091856
2012-06-25,123.29860402159548
2012-06-26,123.61537319390254
2012-06-27,124.9590390427641
2012-06-28,125.08678690964312
2012-06-29,126.136643145635
2012-07-02,127.7005848037556
2012-07-03,128.61356611193827
2012-07-04,129.47999705887344
2012-07-05,130.0161118269427
2012-07-06,129.4431077192374
2012-07-09,128.97183425847155
2012-07-10,128.8737084148268
2012-07-11,128.94578663020118
2012-07-12,128.4338350706545
2012-07-13,129.7262877825849
2012-07-16,129.7484118532195
2012-07-17,130.43512112459902
2012-07-18,130.94920949925006
2012-07-19,131.91664288857982
2012-07-20,131.1773044440753
2012-07-23,129.66003438181502
2012-07-24,129.02439125552348
2012-07-25,128.50078869488974
2012-07-26,129.40740564575475
2012-07-27,131.00588539659185
2012-07-30,132.78545972958986
2012-07-31,131.64835425286557
2012-08-01,131.59867853787557
2012-08-02,131.69003789176008
2012-08-03,132.36390650987684
2012-08-06,132.44827246973574
2012-08-07,133.26779882915366
2012-08-08,133.9892305132453
2012-08-09,134.71430015917826
2012-08-10,134.72095415622272
2012-08-13,134.10550831394406
2012-08-14,134.5729527411589
2012-08-15,134.98384320422568
2012-08-16,135.23917141306347
2012-08-17,136.24383991165456
2012-08-20,135.7323081454394
2012-08-21,134.61257611578517
2012-08-22,134.1743935204293
2012-08-23,132.6811105050983
2012-08-24,133.4496666295587
2012-08-27,133.53735499153385
2012-08-28,132.775581928697
2012-08-29,133.1044543864636
2012-08-30,132.26614076916962
2012-08-31,131.88563436144324
2012-09-03,132.2912853595912
2012-09-04,131.88489605715282
2012-09-05,131.33640890301956
2012-09-06,133.52194661115493
2012-09-07,133.2690996568409
2012-09-10,132.84704551483915
2012-09-11,132.77617547215556
2012-09-12,132.86149772972854
2012-09-13,133.96550707635225
2012-09-14,133.30870867399787
2012-09-17,132.8954523908814
2012-09-18,133.21438866696846
2012-09-19,133.6327391349185
2012-09-20,134.02415016861784
2012-09-21,134.00014650010326
2012-09-24,134.14965930079677
2012-09-25,133.216643881028
2012-09-26,132.80716840711875
2012-09-27,133.68105905603434
2012-09-28,132.77035778069634
2012-10-01,133.10579285456245
2012-10-02,132.86972234002377
2012-10-03,133.16593753386474
2012-10-04,133.11757687150833
2012-10-05,133.13446232105707
2012-10-08,133.23939708404845
2012-10-09,132.6911324133164
2012-10-10,131.8056500670654
2012-10-11,131.76325361359503
2012-10-12,131.23850938644145
2012-10-15,132.23394265152376
2012-10-16,133.01672054458717
2012-10-17,133.05393765865242
2012-10-18,133.34021077971428
2012-10-19,132.23921163564927
2012-10-22,131.70065836708625
2012-10-23,130.68688578743104
2012-10-24,130.52672510207532
2012-10-25,131.02721985013474
2012-10-26,131.0551918082677
2012-10-29,130.99563292194475
2012-10-30,130.78538023217897
2012-10-31,130.92670644420838
2012-11-01,132.31852689693892
2012-11-02,132.51692768002678
2012-11-05,132.9199290877864
2012-11-06,133.54802209768476
2012-11-07,131.81231715410678
2012-11-08,130.8463362042241
2012-11-09,130.9877714724239
2012-11-12,130.7951375983851
2012-11-13,130.5583231615404
2012-11-14,128.90955518268177
2012-11-15,127.94171325815618
2012-11-16,128.76315182354804
2012-11-19,130.48095776290086
2012-11-20,130.65838242798435
2012-11-21,130.81558549765157
2012-11-22,130.7724296807
2012-11-23,131.4843556998243
2012-11-26,131.1975695834038
2012-11-27,131.21669890532218
2012-11-28,131.91112955654046
2012-11-29,132.31068185414568
2012-11-30,132.11383530156618
2012-12-03,131.33392998991462
2012-12-04,131.1611788434865
2012-12-05,131.50532450204986
2012-12-06,132.71451458813928
2012-12-07,133.4841867079672
2012-12-10,133.63329957749283
2012-12-11,133.68625342273958
2012-12-12,133.51896456901804
2012-12-13,132.58658779002968
2012-12-14,132.16146097407628
2012-12-17,132.6059058233131
2012-12-18,133.34762117058648
2012-12-19,132.9794996247923
2012-12-20,133.5077673569245
2012-12-21,133.07956425313012
2012-12-24,132.6160842937967
2012-12-25,132.68587157684686
2012-12-26,132.1274490729023
2012-12-27,132.16885984108757
2012-12-28,131.2553827417876
2012-12-31,132.78115627634511
2013-01-01,132.78636123658205
2013-01-02,135.09093357591428
2013-01-03,136.2801562219554
2013-01-04,137.38204728492232
2013-01-07,136.49613568973876
2013-01-08,136.3918342359902
2013-01-09,137.12571770505787
2013-01-10,136.48112908607925
2013-01-11,135.4755792438732
2013-01-14,135.09826312427498
2013-01-15,135.53855534003273
2013-01-16,135.6988572565872
2013-01-17,135.78423242318107
2013-01-18,136.65677120782615
2013-01-21,136.56031329465964
2013-01-22,137.2569048099133
2013-01-23,137.26207659957296
2013-01-24,136.62459389829797
2013-01-25,136.506701334823
2013-01-28,136.41441149845525
2013-01-29,136.98819882737212
2013-01-30,135.96354613632434
2013-01-31,135.53564880887143
2013-02-01,135.4119164611209
2013-02-04,135.13431364422502
2013-02-05,135.96917319648696
2013-02-06,136.19337436710958
2013-02-07,137.09636588358222
2013-02-08,138.0255002137046
2013-02-11,137.5796737667515
2013-02-12,137.50040504690048
2013-02-13,137.84202965849246
2013-02-14,138.61306349121776
2013-02-15,138.06702497697455
2013-02-18,138.23094666133838
2013-02-19,139.30064968188827
2013-02-20,138.21867025423333
2013-02-21,137.99955374845632
2013-02-22,139.6326732735118
2013-02-25,138.00973686618624
2013-02-26,139.0214528746816
2013-02-27,139.99453310583988
2013-02-28,140.95677403966278
2013-03-01,141.58583800325152
2013-03-04,141.646698215113
2013-03-05,143.00884460314006
2013-03-06,143.53499093780633
2013-03-07,142.9180365337563
2013-03-08,144.4241991309326
2013-03-11,144.6792361264316
2013-03-12,144.45509540156615
2013-03-13,144.9510269766509
2013-03-14,145.65543907800586
2013-03-15,145.13605096824946
2013-03-18,144.99128264071854
2013-03-19,145.36863723158962
2013-03-20,145.4527994070866
2013-03-21,144.9623379488056
2013-03-22,144.7414021010211
2013-03-25,145.45739280624923
2013-03-26,146.35438966707326
2013-03-27,146.98315255243443
2013-03-28,146.8810454518433
2013-03-29,146.8704225989265
2013-04-01,146.1448099752885
2013-04-02,146.99924537340087
2013-04-03,145.9050023539934
2013-04-04,145.49925132415476
2013-04-05,143.31274989028998
2013-04-08,144.14805650106624
2013-04-09,144.36327018816334
2013-04-10,146.02388547189705
2013-04-11,146.62187748563844
2013-04-12,146.337564541069
2013-04-15,143.95436056124913
2013-04-16,144.22700770875755
2013-04-17,143.38435936431034
2013-04-18,142.2459615573303
2013-04-19,143.12975851763855
2013-04-22,144.18826443514308
2013-04-23,146.0655677931385
2013-04-24,147.0238216953093
2013-04-25,147.77399589527693
2013-04-26,147.42069252542694
2013-04-29,147.71017015242697
2013-04-30,147.55413234738987
2013-05-01,146.503716717771
2013-05-02,148.1911669543638
2013-05-03,148.9915196333164
2013-05-06,149.63371348506016
2013-05-07,150.34909693095815
2013-05-08,150.56176347980352
2013-05-09,150.7267789061021
2013-05-10,152.1770794892385
2013-05-13,152.24245064428632
2013-05-14,153.18929537176305
2013-05-15,155.12705260082382
2013-05-16,154.18700102126994
2013-05-17,155.83552698569918
2013-05-20,156.02452345116848
2013-05-21,156.06975663373402
2013-05-22,155.25523671949864
2013-05-23,152.96529619172904
2013-05-24,152.57153577905214
2013-05-27,152.1505824080587
2013-05-28,153.91829165080927
2013-05-29,151.83013211401305
2013-05-30,151.07971688312372
2013-05-31,150.16113350044174
2013-06-03,149.4504730966474
2013-06-04,149.0490305806368
2013-06-05,146.6400757374366
2013-06-06,145.84334252791797
2013-06-07,147.0904452235253
2013-06-10,147.67733917804662
2013-06-11,145.8209988814977
2013-06-12,144.6148473539669
2013-06-13,145.6845006047282
2013-06-14,145.2055976961614
2013-06-17,146.42772632719382
2013-06-18,146.53747566049805
2013-06-19,145.61242837141313
2013-06-20,143.02941734244436
2013-06-21,143.1787783539881
2013-06-24,141.6139562153676
2013-06-25,143.00596279361676
2013-06-26,145.15271266097082
2013-06-27,146.22704436765824
2013-06-28,146.0272915188042
2013-07-01,146.7169306366781
2013-07-02,146.7944818568392
2013-07-03,147.07052675104438
2013-07-04,148.52096250984332
2013-07-05,149.52389929836147
2013-07-08,150.06390836198418
2013-07-09,152.12090412433204
2013-07-10,151.78105179904884
2013-07-11,152.02180785689364
2013-07-12,152.04225315000562
2013-07-15,152.37966849097123
2013-07-16,151.29484627364053
2013-07-17,152.10068824924588
2013-07-18,152.9138912630425
2013-07-19,152.59845687763456
2013-07-22,152.68813054591402
2013-07-23,152.31824187137093
2013-07-24,151.97296616336828
2013-07-25,151.92019650497264
2013-07-26,151.43717435202075
2013-07-29,150.83328593592452
2013-07-30,151.0138405447606
2013-07-31,150.47368001182923
2013-08-01,152.6947611151787
2013-08-02,153.01899297003345
2013-08-05,153.18658838317654
2013-08-06,152.1489440759477
2013-08-07,151.22239505132836
2013-08-08,151.3268368237218
2013-08-09,151.63428111181688
2013-08-12,152.01562682419393
2013-08-13,152.99872673299708
2013-08-14,152.6932868592112
2013-08-15,150.98689993493318
2013-08-16,150.13471594170804
2013-08-19,149.22372595232653
2013-08-20,148.3099536173912
2013-08-21,147.800440203943
2013-08-22,148.96678977615824
2013-08-23,149.3862745430292
2013-08-26,149.31409668609052
2013-08-27,147.12373660354191
2013-08-28,147.29463180361734
2013-08-29,148.70551645217878
2013-08-30,148.30395625431294
2013-09-02,149.14274434107628
2013-09-03,149.99881412089917
2013-09-04,150.59084113980344
2013-09-05,151.6311379236311
2013-09-06,151.6759661129218
2013-09-09,151.95284253945886
2013-09-10,153.12438106802344
2013-09-11,153.3947308866309
2013-09-12,153.05265116773384
2013-09-13,153.69900070113988
2013-09-16,153.9049705184917
2013-09-17,154.0182669413008
2013-09-18,155.45622229991363
2013-09-19,154.37068485812185
2013-09-20,153.77743773548755
2013-09-23,153.4485914416564
2013-09-24,153.23426143802433
2013-09-25,152.893137282508
2013-09-26,153.5919863181441
2013-09-27,152.74241518788023
2013-09-30,151.68897836860978
2013-10-01,152.7868207659352
2013-10-02,151.82449134282905
2013-10-03,150.65404675960588
2013-10-04,151.42726954335308
2013-10-07,150.60693826355592
2013-10-08,149.0486151157445
2013-10-09,149.6144865335365
2013-10-10,152.13012728390538
2013-10-11,152.80360648109624
2013-10-14,153.07056923122704
2013-10-15,153.5541890910873
2013-10-16,154.89587609035746
2013-10-17,154.53042849277037
2013-10-18,155.29416962823169
2013-10-21,155.6776510914616
2013-10-22,155.643701812184
2013-10-23,154.67521492018665
2013-10-24,155.04604217106933
2013-10-25,155.15754746974775
2013-10-28,155.47222454812157
2013-10-29,156.05484999297556
2013-10-30,155.805573235348
2013-10-31,156.94833817469586
2013-11-01,157.70569341326032
2013-11-04,158.02615957687863
2013-11-05,158.02296636468037
2013-11-06,158.27623317640197
2013-11-07,158.11186339034455
2013-11-08,159.30270932809506
2013-11-11,159.06979115190043
2013-11-12,158.49281478025566
2013-11-13,159.22696840150388
2013-11-14,159.71827755002087
2013-11-15,160.38978544852378
2013-11-18,159.93026871553155
2013-11-19,159.31360241185342
2013-11-20,159.5573121035131
2013-11-21,160.08254782072422
2013-11-22,160.01606652615544
2013-11-25,160.28516054743346
2013-11-26,159.47931124133274
2013-11-27,159.61751939602172
2013-11-28,159.72472110062978
2013-11-29,159.49704624300014
2013-12-02,159.5003870843138
2013-12-03,158.35547751199243
2013-12-04,157.89795859915293
2013-12-05,156.17199484544884
2013-12-06,157.20714728141607
2013-12-09,157.2891186118013
2013-12-10,156.36967563608275
2013-12-11,154.79957567558765
2013-12-12,154.12741457848426
2013-12-13,154.28875414610835
2013-12-16,155.05318384151693
2013-12-17,154.7914899103969
2013-12-18,156.46775824954122
2013-12-19,158.006985645178
2013-12-20,158.79178043895402
2013-12-23,159.42841630471787
2013-12-24,160.12758304490683
2013-12-25,160.13514730309174
2013-12-26,160.4855620084962
2013-12-27,160.27755909662272
2013-12-30,160.047631219862
2013-12-31,160.93349621134797
2014-01-01,160.9360026802622
2014-01-02,160.82152854920324
2014-01-03,161.4396920284241
2014-01-06,160.61867028611402
2014-01-07,161.6812590620012
2014-01-08,162.01837272154285
2014-01-09,161.8240645029942
2014-01-10,161.65386081700376
2014-01-13,160.9309381427101
2014-01-14,161.1493834242503
2014-01-15,163.0740386928526
2014-01-16,162.92616633752343
2014-01-17,163.25748219064678
2014-01-20,163.16524460099978
2014-01-21,163.63088026897168
2014-01-22,163.62364153900705
2014-01-23,161.13821096174152
2014-01-24,157.94782698135657
2014-01-27,156.77782091803638
2014-01-28,157.51590163017556
2014-01-29,157.00964761851156
2014-01-30,158.32679421586002
2014-01-31,158.35135785704247
2014-02-03,155.34254084343817
2014-02-04,155.24084197738273
2014-02-05,155.2517621642219
2014-02-06,156.51286329656224
2014-02-07,158.17082913645334
2014-02-10,158.32585556070458
2014-02-11,159.7247248749351
2014-02-12,161.13077096435697
2014-02-13,160.76085074865983
2014-02-14,161.2087849583152
2014-02-17,161.3644457335908
2014-02-18,161.48617387194042
2014-02-19,160.95712276873917
2014-02-20,161.5441922113743
2014-02-21,161.54538756793897
2014-02-24,162.6019758226555
2014-02-25,162.63101055104448
2014-02-26,162.99820149085448
2014-02-27,163.2078142043832
2014-02-28,162.35383243187783
2014-03-03,160.87689562561903
2014-03-04,163.42648584739013
2014-03-05,163.61363259443604
2014-03-06,163.14066016109973
2014-03-07,162.41351737124054
2014-03-10,161.7650583754744
2014-03-11,161.50171583877326
2014-03-12,160.48020247628534
2014-03-13,158.89562943673977
2014-03-14,157.91147456294215
2014-03-17,159.12784104417025
2014-03-18,160.40320079380848
2014-03-19,159.73440469454587
2014-03-20,160.83835387513528
2014-03-21,160.77360071979493
2014-03-24,160.0504394958533
2014-03-25,161.07266555159612
2014-03-26,160.86369474104333
2014-03-27,161.40406157639475
2014-03-28,162.10807876337142
2014-03-31,162.93091227301375
2014-04-01,163.75321648789722
2014-04-02,164.4545629181213
2014-04-03,164.85406492407586
2014-04-04,164.27885917542153
2014-04-07,162.04756276003786
2014-04-08,161.8881293978538
2014-04-09,162.67538250641155
2014-04-10,160.1650274604756
2014-04-11,158.39362438090336
2014-04-14,159.82959572371956
2014-04-15,159.96440425002197
2014-04-16,161.94314473016223
2014-04-17,162.09432834512955
2014-04-18,162.1705766569577
2014-04-21,162.71679769841393
2014-04-22,163.75221942894413
2014-04-23,163.12550370970152
2014-04-24,163.43513890040515
2014-04-25,162.22802662003338
2014-04-28,162.3426299178578
2014-04-29,163.6180612166179
2014-04-30,163.61512257563115
2014-05-01,163.8764845256656
2014-05-02,163.77353955582225
2014-05-05,163.73239922021716
2014-05-06,162.49248839829647
2014-05-07,162.72400421233607
2014-05-08,163.72322079827413
2014-05-09,164.68485074750396
2014-05-12,165.86682625685836
2014-05-13,166.79322180727286
2014-05-14,166.51663845437392
2014-05-15,165.2405015361912
2014-05-16,165.5446932743414
2014-05-19,165.60672377756606
2014-05-20,165.14063016084452
2014-05-21,166.38432111611786
2014-05-22,167.0729073071784
2014-05-23,167.94094561919482
2014-05-26,168.21814127074077
2014-05-27,169.1249045574574
2014-05-28,169.20816636611733
2014-05-29,169.70280659468162
2014-05-30,169.5240098456791
2014-06-02,170.22512112693576
2014-06-03,169.9244969466001
2014-06-04,170.12931737188518
2014-06-05,170.99610993854128
2014-06-06,171.58772395556338
2014-06-09,172.32267970517523
2014-06-10,172.86457132812632
2014-06-11,172.6473849942263
2014-06-12,171.8618429789365
2014-06-13,172.32748872373116
2014-06-16,171.7735560635895
2014-06-17,172.2868827785192
2014-06-18,172.84264976389213
2014-06-19,173.14436578585216
2014-06-20,173.76928029799896
2014-06-23,173.44458178790725
2014-06-24,172.55950976263188
2014-06-25,172.14173415516572
2014-06-26,172.6437436056548
2014-06-27,172.36370037485187
2014-06-30,171.97691498165162
2014-07-01,173.26171857722522
2014-07-02,173.80439956358137
2014-07-03,175.08601418864703
2014-07-04,175.28981379337765
2014-07-07,174.34712862912076
2014-07-08,172.82940152522724
2014-07-09,172.94001711335892
2014-07-10,172.29551577086988
2014-07-11,172.47833964681973
2014-07-14,173.21818756453345
2014-07-15,173.3950976441437
2014-07-16,174.84578562681037
2014-07-17,173.43897994308065
2014-07-18,174.46911602170016
2014-07-21,173.91127037711854
2014-07-22,175.66870811484463
2014-07-23,176.0636346029731
2014-07-24,176.20863330522798
2014-07-25,175.87503297937877
2014-07-28,175.79045360001203
2014-07-29,175.7635313538902
2014-07-30,175.7995278633772
2014-07-31,173.17217371688264
2014-08-01,171.67697980565845
2014-08-04,172.24577871321762
2014-08-05,171.69128951514344
2014-08-06,171.3990434740486
2014-08-07,170.62574964014533
2014-08-08,170.4183475107109
2014-08-11,171.88892720050706
2014-08-12,172.05142848134466
2014-08-13,172.7759228669196
2014-08-14,173.4853043945642
2014-08-15,173.31346916820988
2014-08-18,174.90404329105235
2014-08-19,176.2843020214697
2014-08-20,176.82712631163878
2014-08-21,177.48677056317845
2014-08-22,177.60568093154663
2014-08-25,179.0094008359877
2014-08-26,179.34467409096047
2014-08-27,179.54207359727712
2014-08-28,179.2772043580575
2014-08-29,179.78289100962553
2014-09-01,180.23013768395103
2014-09-02,180.32339973327063
2014-09-03,180.64788297519885
2014-09-04,182.6818165091701
2014-09-05,183.0096195145855
2014-09-08,182.5068364285328
2014-09-09,181.82467886004545
2014-09-10,182.08581431972428
2014-09-11,181.8912695164232
2014-09-12,181.15028218031472
2014-09-15,180.86973683877736
2014-09-16,181.4106804266445
2014-09-17,181.4695085335744
2014-09-18,182.7825747211614
2014-09-19,183.69074989457175
2014-09-22,182.48587494638815
2014-09-23,180.847391666364
2014-09-24,182.5526804956129
2014-09-25,181.1038633901288
2014-09-26,182.46067910259288
2014-09-29,181.9958885850664
2014-09-30,182.37303641117725
2014-10-01,180.85008163700024
2014-10-02,178.82682543874887
2014-10-03,181.65257560432732
2014-10-06,181.31265844898556
2014-10-07,178.46862031520172
2014-10-08,178.97963714030584
2014-10-09,176.42946634063284
2014-10-10,174.82409623011165
2014-10-13,172.6775260996967
2014-10-14,172.54753982507177
2014-10-15,169.65930091854
2014-10-16,169.10655033535454
2014-10-17,171.50603196377503
2014-10-20,172.66045168749525
2014-10-21,176.02817585091583
2014-10-22,176.4913385911065
2014-10-23,178.13396736880696
2014-10-24,178.70074412642677
2014-10-27,177.98518725400754
2014-10-28,179.37744825962807
2014-10-29,179.3820765810953
2014-10-30,181.6824600445706
2014-10-31,185.0691079198614
2014-11-03,184.7522551963633
2014-11-04,183.3815827696936
2014-11-05,185.5278323869142
2014-11-06,186.46342801308964
2014-11-07,186.78439719956955
2014-11-10,187.18670318330535
2014-11-11,187.6906439392082
2014-11-12,186.76310752809283
2014-11-13,186.95750799281168
2014-11-14,186.99766642240263
2014-11-17,187.1044128612683
2014-11-18,187.44289311276705
2014-11-19,186.9343527798425
2014-11-20,187.03319295235303
2014-11-21,190.25672919780143
2014-11-24,190.2127034966873
2014-11-25,189.77471430672563
2014-11-26,189.70252229930784
2014-11-27,190.06040075944537
2014-11-28,189.7244911483996
2014-12-01,188.5324750484788
2014-12-02,190.3330225360456
2014-12-03,192.01669537089265
2014-12-04,189.89993597456143
2014-12-05,192.27403499797424
2014-12-08,191.0403618969465
2014-12-09,188.5193981421036
2014-12-10,186.05428735931935
2014-12-11,186.6618193313352
2014-12-12,182.85260483131884
2014-12-15,181.2020098492733
2014-12-16,180.04776761921218
2014-12-17,183.5753752920331
2014-12-18,189.0577907127387
2014-12-19,190.49181619099977
2014-12-22,191.2911657873864
2014-12-23,192.66229620702293
2014-12-24,192.6981987071865
2014-12-25,192.64912697917936
2014-12-26,193.3717689805248
2014-12-29,193.49982655065293
2014-12-30,192.56806131970984
2014-12-31,192.31116451745663
2015-01-01,192.312086125742
2015-01-02,192.886561295246
2015-01-05,190.58709924679272
2015-01-06,188.94017159642348
2015-01-07,191.72551580287336
2015-01-08,195.59709500391148
2015-01-09,193.7102595414457
2015-01-12,193.16457038179917
2015-01-13,193.9434576369964
2015-01-14,192.36712666863403
2015-01-15,195.3523362897164
2015-01-16,198.38907979841872
2015-01-19,196.8929431187668
2015-01-20,198.29730761858852
2015-01-21,199.13340477032295
2015-01-22,204.0327174021483
2015-01-23,206.73104921258815
2015-01-26,207.19506309020235
2015-01-27,203.7382827289465
2015-01-28,202.8612375846413
2015-01-29,203.4784511694841
2015-01-30,202.48089805700351
2015-02-02,203.4488323241121
2015-02-03,204.06854793037343
2015-02-04,204.5105746883643
2015-02-05,205.9075209597499
2015-02-06,206.65690212721083
2015-02-09,206.06592085349664
2015-02-10,207.67769490731808
2015-02-11,207.55660625866776
2015-02-12,208.7195219085081
2015-02-13,209.48961931411884
2015-02-16,209.5412105669876
2015-02-17,209.89681371021635
2015-02-18,211.10671658928476
2015-02-19,210.82222092430288
2015-02-20,212.1152674415193
2015-02-23,212.65241340412248
2015-02-24,213.54356346497107
2015-02-25,213.4213842501821
2015-02-26,215.83569558590412
2015-02-27,215.64343668366035
2015-03-02,216.51907648192991
2015-03-03,215.77654508136115
2015-03-04,217.12623097449764
2015-03-05,218.30006798732225
2015-03-06,218.95748266662235
2015-03-09,219.26286038837105
2015-03-10,218.375546619206
2015-03-11,220.9070133590321
2015-03-12,222.39445380432832
2015-03-13,223.26312572450712
2015-03-16,224.685918034766
2015-03-17,223.6909236948021
2015-03-18,225.1248780621123
2015-03-19,225.2191774345028
2015-03-20,224.61471428732423
2015-03-23,222.3413181030674
2015-03-24,222.05945515373816
2015-03-25,218.44730939258807
2015-03-26,218.401587322929
2015-03-27,219.10853566158832
2015-03-30,221.9188006769745
2015-03-31,221.68550849335483
2015-04-01,220.989589754182
2015-04-02,219.90108076582337
2015-04-03,220.0159846513781
2015-04-06,218.77015086488757
2015-04-07,222.2466652890558
2015-04-08,223.98490266249323
2015-04-09,227.071219437296
2015-04-10,229.15835987044423
2015-04-13,229.38129637602952
2015-04-14,227.76157809823465
2015-04-15,230.11519137386333
2015-04-16,228.5451026182243
2015-04-17,224.7352572881675
2015-04-20,226.4792707352412
2015-04-21,227.1301510694257
2015-04-22,228.12272350324236
2015-04-23,227.243063524259
2015-04-24,226.87714115999347
2015-04-27,226.72597526250303
2015-04-28,224.94387925504608
2015-04-29,220.64173520196024
2015-04-30,217.4593435883548
2015-05-01,218.2300106892268
2015-05-04,219.8822349966489
2015-05-05,217.2652445175929
2015-05-06,214.0394762385798
2015-05-07,215.4375823389647
2015-05-08,219.40429359563976
2015-05-11,220.0978574839238
2015-05-12,217.75622051477424
2015-05-13,216.3821243432432
2015-05-14,217.53532258460396
2015-05-15,216.8379268157425
2015-05-18,218.54736082197547
2015-05-19,222.6010136517864
2015-05-20,223.15088952654523
2015-05-21,223.65487367894252
2015-05-22,224.75322474985975
2015-05-25,224.7942674499854
2015-05-26,224.5443643978207
2015-05-27,226.59297233835025
2015-05-28,225.45649386612973
2015-05-29,223.02499606568747
2015-06-01,224.26260137945764
2015-06-02,220.12591985691975
2015-06-03,218.3862688831924
2015-06-04,216.3219322517424
2015-06-05,217.82910797483248
2015-06-08,214.9976295638754
2015-06-09,214.1691147881152
2015-06-10,216.1303539854088
2015-06-11,217.8223926197736
2015-06-12,216.04011997754347
2015-06-15,214.7316958766121
2015-06-16,215.90335068570616
2015-06-17,215.73374912825176
2015-06-18,214.77868309480863
2015-06-19,215.48528808647436
2015-06-22,216.78265699413512
2015-06-23,220.9035812627388
2015-06-24,219.62232476839876
2015-06-25,218.962946382275
2015-06-26,219.37928549409656
2015-06-29,214.42614476429225
2015-06-30,214.3492676746766
2015-07-01,216.57811723914773
2015-07-02,216.54850541037604
2015-07-03,216.28882671004536
2015-07-06,214.91935623162496
2015-07-07,217.0823356908176
2015-07-08,212.3203045164004
2015-07-09,214.01841449532
2015-07-10,214.761273978082
2015-07-13,219.85939997709883
2015-07-14,221.41213954142503
2015-07-15,222.1312305808785
2015-07-16,224.9580466479477
2015-07-17,225.85701778898104
2015-07-20,225.82391997526796
2015-07-21,223.8366873177814
2015-07-22,223.28994927734567
2015-07-23,221.0549298575303
2015-07-24,219.1464988359045
2015-07-27,214.98641310818132
2015-07-28,217.9154082876869
2015-07-29,219.74191130466855
2015-07-30,221.80091397829983
2015-07-31,220.0433694104725
2015-08-03,221.01764264682288
2015-08-04,220.9719726235411
2015-08-05,223.40968051468923
2015-08-06,221.23941510886647
2015-08-07,220.0410186937769
2015-08-10,221.6410408425192
2015-08-11,218.19927505700605
2015-08-12,214.56871168958736
2015-08-13,215.74800388723116
2015-08-14,216.37696502883503
2015-08-17,217.7557935044496
2015-08-18,217.9722749022136
2015-08-19,215.29487475024388
2015-08-20,209.02040527493529
2015-08-21,201.25978214514492
2015-08-24,189.3943396984689
2015-08-25,191.45772436480885
2015-08-26,195.52515260598557
2015-08-27,203.0265725867673
2015-08-28,203.85629531794024
2015-08-31,202.61212409281467
2015-09-01,196.175545296195
2015-09-02,198.5214945071156
2015-09-03,201.83038534000735
2015-09-04,198.11301318337573
2015-09-07,197.7091475883809
2015-09-08,200.76089188998057
2015-09-09,201.24591498857583
2015-09-10,199.94215226485028
2015-09-11,199.02113046485155
2015-09-14,198.10063420747824
2015-09-15,200.10135719749584
2015-09-16,202.16242731409972
2015-09-17,201.68930372212623
2015-09-18,197.9293131580585
2015-09-21,200.93668041807464
2015-09-22,198.55761887128685
2015-09-23,197.85122134857983
2015-09-24,194.204448378382
2015-09-25,197.10884816539323
2015-09-28,192.3696359779539
2015-09-29,191.00219583317664
2015-09-30,195.88188384784743
2015-10-01,195.912980950604
2015-10-02,197.0320471635605
2015-10-05,201.90490390207805
2015-10-06,201.41296284130013
2015-10-07,203.4444494783995
2015-10-08,203.96234015462733
2015-10-09,203.8241002267274
2015-10-12,203.5767325211632
2015-10-13,201.95152485722056
2015-10-14,199.878797846962
2015-10-15,203.51526125651736
2015-10-16,204.63132159146951
2015-10-19,205.40111386105767
2015-10-20,204.52282541502865
2015-10-21,203.75059166481907
2015-10-22,209.3611413619974
2015-10-23,213.9575592587362
2015-10-26,213.44469416521525
2015-10-27,212.322709370816
2015-10-28,214.2720768729808
2015-10-29,215.4012558740444
2015-10-30,213.6243414056256
2015-11-02,215.03392951343517
2015-11-03,216.93768932601893
2015-11-04,218.32763664679544
2015-11-05,217.93772203704236
2015-11-06,219.6133153986551
2015-11-09,217.92131112844143
2015-11-10,218.8537521014649
2015-11-11,218.33066013815525
2015-11-12,215.23203602627456
2015-11-13,213.4765789717365
2015-11-16,215.4874390985297
2015-11-17,217.97775796661145
2015-11-18,220.06752504037743
2015-11-19,219.4177196376481
2015-11-20,221.0971707847707
2015-11-23,221.45525919193707
2015-11-24,220.76264522366543
2015-11-25,221.88585745330465
2015-11-26,222.3251570780917
2015-11-27,222.39611011045525
2015-11-30,222.3225632719512
2015-12-01,223.4221321959212
2015-12-02,222.3526686258829
2015-12-03,214.35348431778476
2015-12-04,215.7323182742481
2015-12-07,215.40904289236423
2015-12-08,213.0250612752444
2015-12-09,210.4575290402383
2015-12-10,210.8986771370216
2015-12-11,206.48036918969703
2015-12-14,205.21764186634684
2015-12-15,209.0509476805744
2015-12-16,211.42115452768715
2015-12-17,211.8438840763786
2015-12-18,208.8952803500379
2015-12-21,208.1733939868646
2015-12-22,208.6755462606956
2015-12-23,213.07210633524923
2015-12-24,211.8564229768879
2015-12-25,211.7680121116272
2015-12-28,211.16978632102212
2015-12-29,214.40624500888217
2015-12-30,213.0992578286122
2015-12-31,212.3526640630465
2016-01-01,212.3526640630465
2016-01-04,209.42590497365168
2016-01-05,211.02575527765225
2016-01-06,207.84672774639992
2016-01-07,201.92298882227985
2016-01-08,198.6921849471444
2016-01-11,199.13929075601905
2016-01-12,200.1833732676271
2016-01-13,197.53423065175812
2016-01-14,198.3301434016573
2016-01-15,192.74114092178883
2016-01-18,193.21041418521975
2016-01-19,193.623847967384
2016-01-20,189.99907109214672
2016-01-21,192.08555313668572
2016-01-22,197.0628753149616
2016-01-25,194.91368303584187
2016-01-26,196.49653572167423
2016-01-27,195.55635524655605
2016-01-28,194.50812051414096
2016-01-29,200.43300652535373
2016-02-01,199.6617905898357
2016-02-02,196.01693379202945
2016-02-03,193.64408861576936
2016-02-04,192.57665730761732
2016-02-05,189.92450709746856
2016-02-08,186.7085665753193
2016-02-09,182.8213217508793
2016-02-10,184.50518887521116
2016-02-11,179.92633037499297
2016-02-12,183.69693563335164
2016-02-15,187.52053547117723
2016-02-16,189.55389027666803
2016-02-17,192.7966805747128
2016-02-18,193.34886319846623
2016-02-19,192.57259139047773
2016-02-22,196.4607774913076
2016-02-23,194.34733680553293
2016-02-24,193.63213986809853
2016-02-25,195.926852047224
2016-02-26,197.92187971847136
2016-02-29,198.11734192286684
2016-03-01,201.8344030131271
2016-03-02,204.0836826043013
2016-03-03,203.50225473225564
2016-03-04,203.3510275542837
2016-03-07,203.74389460894312
2016-03-08,200.71466440808007
2016-03-09,202.1234453447236
2016-03-10,199.51140911268232
2016-03-11,202.94396940179277
2016-03-14,204.0666556603912
2016-03-15,202.93220076325605
2016-03-16,203.9218781984812
2016-03-17,202.23861765011665
2016-03-18,203.0194018438235
2016-03-21,203.3826547726861
2016-03-22,203.9822679305263
2016-03-23,203.4013541552507
2016-03-24,202.4938598402617
2016-03-25,202.6811535524332
2016-03-28,202.2379170029377
2016-03-29,203.96425042113407
2016-03-30,203.01858580651125
2016-03-31,201.7217674285584
2016-04-01,201.66543048462205
2016-04-04,201.11114768351777
2016-04-05,198.4936640562894
2016-04-06,200.37492256753453
2016-04-07,198.851127726127
2016-04-08,199.7053523379224
2016-04-11,199.10920361618932
2016-04-12,201.77733045898623
2016-04-13,206.15857483071952
2016-04-14,207.27634786796435
2016-04-15,206.4656305099168
2016-04-18,206.5050832909353
2016-04-19,207.8157411398385
2016-04-20,208.85427993119296
2016-04-21,209.12103028092884
2016-04-22,209.51166185944655
2016-04-25,208.5677616245853
2016-04-26,208.23862989216545
2016-04-27,208.25454409101744
2016-04-28,207.15787168632255
2016-04-29,203.8760312112068
2016-05-02,203.431928294721
2016-05-03,201.31154151204663
2016-05-04,200.00027242737656
2016-05-05,201.35286929268307
2016-05-06,201.21281480724323
2016-05-09,201.63422333386967
2016-05-10,204.08838693470517
2016-05-11,202.37609703955263
2016-05-12,202.53747027788464
2016-05-13,202.72364829706004
2016-05-16,203.7223008309658
2016-05-17,202.84260310141516
2016-05-18,203.82194046491853
2016-05-19,203.54051333897223
2016-05-20,204.94234611549157
2016-05-23,204.69906338920345
2016-05-24,207.77492795014464
2016-05-25,209.9135232196135
2016-05-26,209.5990270481477
2016-05-27,211.12094181337844
2016-05-30,211.0985650710428
2016-05-31,210.9328052695679
2016-06-01,209.97706735022413
2016-06-02,210.3658095091207
2016-06-03,207.76152538211983
2016-06-06,208.1180743910312
2016-06-07,209.32008875719535
2016-06-08,209.2401284349561
2016-06-09,209.212313475845
2016-06-10,206.82283777948368
2016-06-13,204.3632864081532
2016-06-14,204.11801677908667
2016-06-15,204.0910115850152
2016-06-16,205.0159003824357
2016-06-17,204.11910793685965
2016-06-20,206.05004100321707
2016-06-21,207.84677638367208
2016-06-22,207.5386700806829
2016-06-23,209.24445505417168
2016-06-24,203.19136459011636
2016-06-27,201.03853745034343
2016-06-28,203.21004183766536
2016-06-29,206.73167377720648
2016-06-30,209.00101638130883
2016-07-01,209.48432834325385
2016-07-04,209.46167693042565
2016-07-05,208.0666688891765
2016-07-06,208.2005303566188
2016-07-07,208.5975647305522
2016-07-08,211.65774731060588
2016-07-11,213.2073216227821
2016-07-12,214.60032065107524
2016-07-13,214.41928667340727
2016-07-14,215.52184820317737
2016-07-15,215.84673334145089
2016-07-18,216.37477903029125
2016-07-19,216.7734133754602
2016-07-20,217.92140641183653
2016-07-21,217.9064124633385
2016-07-22,218.518209272158
2016-07-25,218.20178466209197
2016-07-26,218.2594797719821
2016-07-27,218.21904777860345
2016-07-28,216.53938407153132
2016-07-29,216.4089716086736
2016-08-01,216.1038216487732
2016-08-02,213.705438650396
2016-08-03,214.32383197038692
2016-08-04,215.57355286205944
2016-08-05,218.0431835538146
2016-08-08,218.38723972668376
2016-08-09,218.7435957210078
2016-08-10,217.6479027272485
2016-08-11,218.4875056707172
2016-08-12,218.5331014505256
2016-08-15,218.60578469402336
2016-08-16,216.34885062147697
2016-08-17,216.18159251941765
2016-08-18,215.8449616136593
2016-08-19,215.30767518279404
2016-08-22,215.3110631343768
2016-08-23,216.2081688160121
2016-08-24,216.6891040822516
2016-08-25,215.58064418008465
2016-08-26,215.46128223106243
2016-08-29,217.61644231487136
2016-08-30,217.69149457900124
2016-08-31,217.4639345414252
2016-09-01,216.90321688419803
2016-09-02,218.8987449037033
2016-09-05,219.5866622707617
2016-09-06,218.8334650636886
2016-09-07,218.9908921900769
2016-09-08,218.00229625330664
2016-09-09,214.64423850894585
2016-09-12,215.46996435647247
2016-09-13,212.45675423853612
2016-09-14,212.06217689496515
2016-09-15,213.6978890576576
2016-09-16,214.17302859631104
2016-09-19,214.6536836206901
2016-09-20,214.91639364585225
2016-09-21,217.8475699516788
2016-09-22,218.2680195336464
2016-09-23,217.3235930234997
2016-09-26,214.5500883298471
2016-09-27,216.54587007947444
2016-09-28,217.5610834766214
2016-09-29,216.08288839684647
2016-09-30,216.6640044477875
2016-10-03,216.704075456914
2016-10-04,217.2446173231473
2016-10-05,216.8873352880533
2016-10-06,217.1644276081076
2016-10-07,216.25434048393285
2016-10-10,217.5040650745276
2016-10-11,217.02192389139967
2016-10-12,217.3262115509629
2016-10-13,216.218933234032
2016-10-14,217.27489120153376
2016-10-17,216.7509730575091
2016-10-18,218.8122484207828
2016-10-19,219.6816397837044
2016-10-20,220.1891435039957
2016-10-21,220.92992173027145
2016-10-24,221.3222930862503
2016-10-25,221.17923326919973
2016-10-26,219.8402410902461
2016-10-27,219.1576516623157
2016-10-28,218.47937138498116
2016-10-31,217.8204978536894
2016-11-01,215.32417552364845
2016-11-02,212.4790355824844
2016-11-03,212.2301021733782
2016-11-04,210.82492267483883
2016-11-07,215.78087480594832
2016-11-08,216.3768553439348
2016-11-09,218.9598318359369
2016-11-10,221.00299809034092
2016-11-11,220.93301632222136
2016-11-14,223.08109681615065
2016-11-15,224.24977279250464
2016-11-16,224.9614788132896
2016-11-17,226.1180099934653
2016-11-18,226.97427009063392
2016-11-21,227.7027342556973
2016-11-22,228.7529695898956
2016-11-23,229.5676232283066
2016-11-24,229.37686299267205
2016-11-25,229.5024682438879
2016-11-28,228.9034246519697
2016-11-29,228.49996443104573
2016-11-30,228.3259598607165
2016-12-01,227.7981810489897
2016-12-02,226.79192745629496
2016-12-05,226.6501167257757
2016-12-06,227.75528813335185
2016-12-07,229.92518028413863
2016-12-08,233.76075177993243
2016-12-09,236.37839735617305
2016-12-12,234.8081041330893
2016-12-13,235.9398317258614
2016-12-14,234.3149597904873
2016-12-15,238.42440399592
2016-12-16,238.5842112499034
2016-12-19,238.5174812542949
2016-12-20,240.24493881915228
2016-12-21,238.8087372370157
2016-12-22,237.9827752405666
2016-12-23,238.0569547958061
2016-12-26,237.96680087912648
2016-12-27,238.3288777527988
2016-12-28,238.4727385960415
2016-12-29,236.6609327497613
2016-12-30,235.13043717119447
2017-01-02,235.3819369321301
2017-01-03,239.75883726189377
2017-01-04,239.84629754977533
2017-01-05,238.15485852890785
2017-01-06,238.7920795393865
2017-01-09,238.46409990849327
2017-01-10,238.0054073945554
2017-01-11,240.625186234144
2017-01-12,237.15010831770223
2017-01-13,238.42526596666423
2017-01-16,238.27877788426315
2017-01-17,236.18795859650817
2017-01-18,236.5795448456984
2017-01-19,237.12367178156995
2017-01-20,236.52700082315
2017-01-23,234.86787347426383
2017-01-24,235.8918276662368
2017-01-25,238.18811950141372
2017-01-26,239.5574296420501
2017-01-27,238.6901255850667
2017-01-30,237.52670084284088
2017-01-31,235.02307638472425
2017-02-01,236.2232849640205
2017-02-02,235.4325382973985
2017-02-03,237.1895149557151
2017-02-06,237.3112367745332
2017-02-07,238.36212897879503
2017-02-08,238.6168643506797
2017-02-09,240.2951216721793
2017-02-10,242.1847322595824
2017-02-13,243.7821257723865
2017-02-14,244.80700594934748
2017-02-15,245.9346966803548
2017-02-16,244.15716626662405
2017-02-17,245.1070868855246
2017-02-20,245.34804129411597
2017-02-21,248.1641561551095
2017-02-22,247.9394965612724
2017-02-23,247.26593451657348
2017-02-24,247.2387626356037
2017-02-27,246.3463402013525
2017-02-28,245.65779881731692
2017-03-01,249.68984188423116
2017-03-02,249.42756265433405
2017-03-03,248.602017694986
2017-03-06,247.33520104912287
2017-03-07,247.0660065699857
2017-03-08,246.8894751196999
2017-03-09,246.4903730922585
2017-03-10,246.0778766754778
2017-03-13,246.37720176406927
2017-03-14,245.99852234553387
2017-03-15,247.83831890692204
2017-03-16,246.76327670237865
2017-03-17,246.52771864869035
2017-03-20,245.92841417345176
2017-03-21,242.7965859944372
2017-03-22,242.4978303891338
2017-03-23,243.1384153600522
2017-03-24,242.8417651072331
2017-03-27,240.99927884993636
2017-03-28,243.1750457917798
2017-03-29,245.75039542228632
2017-03-30,246.55713568537632
2017-03-31,246.66121914708765
2017-04-03,247.03350337387263
2017-04-04,246.9464464969583
2017-04-05,246.42421000115723
2017-04-06,246.7030154691745
2017-04-07,247.5014805133137
2017-04-10,248.13761456094048
2017-04-11,247.6141569463075
2017-04-12,247.15752869926388
2017-04-13,245.7179783255225
2017-04-14,245.60474020831484
2017-04-17,246.56850867680623
2017-04-18,244.62126465598627
2017-04-19,243.97380513972297
2017-04-20,244.34402921802263
2017-04-21,245.53784487295903
2017-04-24,245.50361679820304
2017-04-25,245.4341450422024
2017-04-26,246.61531875791164
2017-04-27,246.72906251462416
2017-04-28,245.8540843945708
2017-05-01,245.77602323871088
2017-05-02,246.65717763040743
2017-05-03,246.14222962189095
2017-05-04,245.76758729511795
2017-05-05,246.1941602434604
2017-05-08,247.58843714693447
2017-05-09,248.0258009891948
2017-05-10,248.90939761577445
2017-05-11,248.4089240233697
2017-05-12,247.4099436062457
2017-05-15,247.33959800587263
2017-05-16,245.66509255486932
2017-05-17,241.28817428020244
2017-05-18,241.5742514649372
2017-05-19,241.8678599591848
2017-05-22,242.038763633738
2017-05-23,242.68244100537052
2017-05-24,243.8289231779175
2017-05-25,244.0823716673474
2017-05-26,244.430446835265
2017-05-29,244.5272568319516
2017-05-30,244.3224317191052
2017-05-31,243.11813678788616
2017-06-01,245.0336434546985
2017-06-02,245.49963782868411
2017-06-05,245.5622624664801
2017-06-06,244.56382422596067
2017-06-07,244.7812373434622
2017-06-08,245.3291005707503
2017-06-09,245.98542422286337
2017-06-12,245.08298024476423
2017-06-13,246.29628066197492
2017-06-14,244.96408211308636
2017-06-15,246.0143505354517
2017-06-16,245.80922219570655
2017-06-19,248.18897702127555
2017-06-20,247.32070491405355
2017-06-21,246.6423632396309
2017-06-22,246.52575445489987
2017-06-23,246.03571234953972
2017-06-26,246.31154262246295
2017-06-27,243.21799479766932
2017-06-28,243.4171483027018
2017-06-29,240.56700696032797
2017-06-30,240.61917417166117
2017-07-03,241.9468364841083
2017-07-04,242.08878076383877
2017-07-05,242.7590198945812
2017-07-06,239.75221291236392
2017-07-07,240.5839655772172
2017-07-10,241.13078825655185
2017-07-11,240.3077771991205
2017-07-12,242.46247717741093
2017-07-13,243.30803440490823
2017-07-14,243.7789097777384
2017-07-17,243.34625070179305
2017-07-18,241.1593929995658
2017-07-19,243.5951856847124
2017-07-20,241.76870407936156
2017-07-21,240.73452723040904
2017-07-24,240.54031088808668
2017-07-25,240.86699427842476
2017-07-26,241.6816027259762
2017-07-27,241.16712389269867
2017-07-28,239.1191973175856
2017-07-31,238.3428100669103
2017-08-01,239.07141717164689
2017-08-02,238.13798171632683
2017-08-03,237.54995431734565
2017-08-04,240.01978795189007
2017-08-07,239.6124630280175
2017-08-08,240.21466535293663
2017-08-09,239.5222060798384
2017-08-10,236.85896765785176
2017-08-11,235.72146956441884
2017-08-14,237.69924191545508
2017-08-15,238.63201484091317
2017-08-16,239.56802819236117
2017-08-17,236.64413534572415
2017-08-18,235.7716301415938
2017-08-21,234.66002469803985
2017-08-22,237.3105456735926
2017-08-23,235.94392438939852
2017-08-24,235.85285100505837
2017-08-25,235.12779901709564
2017-08-28,233.6981804041557
2017-08-29,232.2038831238335
2017-08-30,234.68578451501145
2017-08-31,236.6909563349283
2017-09-01,237.63500683450104
2017-09-04,236.68417999552125
2017-09-05,235.43270256459203
2017-09-06,235.6747144562893
2017-09-07,235.01031834732788
2017-09-08,234.75495770787876
2017-09-11,237.5750584651252
2017-09-12,238.9378344014672
2017-09-13,239.49807316913945
2017-09-14,240.0238515033296
2017-09-15,238.7279271510823
2017-09-18,239.26348503470172
2017-09-19,239.43770823609765
2017-09-20,239.4147783401372
2017-09-21,239.8910968677889
2017-09-22,239.473259405256
2017-09-25,240.8438086071758
2017-09-26,242.22825737229263
2017-09-27,243.67826175135144
2017-09-28,243.12580765820832
2017-09-29,243.37483291614177
2017-10-02,245.66818705550077
2017-10-03,245.8924801954198
2017-10-04,245.91338336904755
2017-10-05,247.5688160519176
2017-10-06,246.9627695978332
2017-10-09,246.7470428379337
2017-10-10,246.1274123852799
2017-10-11,245.93441393624988
2017-10-12,245.79733039709856
2017-10-13,246.5477900729341
2017-10-16,247.573350412517
2017-10-17,248.2232022649093
2017-10-18,248.086901555774
2017-10-19,246.83350364326805
2017-10-20,248.51414229668677
2017-10-23,248.74101670547856
2017-10-24,248.55672134146437
2017-10-25,246.55720581965684
2017-10-26,249.08820668769533
2017-10-27,252.80338544027373
2017-10-30,251.83465687279957
2017-10-31,251.6461245038549
2017-11-01,252.90397994339395
2017-11-02,251.944745992415
2017-11-03,253.44552787317457
2017-11-06,254.3090830896892
2017-11-07,254.5217793186584
2017-11-08,254.81507739685603
2017-11-09,252.9755846237598
2017-11-10,251.93939631837085
2017-11-13,251.37163207212825
2017-11-14,249.00418584646437
2017-11-15,246.7224356188248
2017-11-16,249.19047642152373
2017-11-17,248.67251603476544
2017-11-20,249.70534397238535
2017-11-21,251.60600130123493
2017-11-22,250.6698214427673
2017-11-23,249.8939246177743
2017-11-24,248.6765967411699
2017-11-27,248.6179098267266
2017-11-28,251.00183727412605
2017-11-29,251.33817083870017
2017-11-30,251.19059221414312
2017-12-01,251.4312230473711
2017-12-04,251.8597877054462
2017-12-05,251.4914899957229
2017-12-06,251.7391181957328
2017-12-07,252.39561731774572
2017-12-08,254.44733765822727
2017-12-11,254.4515548142305
2017-12-12,256.16242640306825
2017-12-13,255.6704333894029
2017-12-14,254.46794977950915
2017-12-15,255.66973604102745
2017-12-18,256.91896884165016
2017-12-19,256.0341872884633
2017-12-20,254.389031223275
2017-12-21,255.5214785884464
2017-12-22,255.93981731138007
2017-12-25,255.98263640617037
2017-12-26,255.24210972622103
2017-12-27,255.13670065872697
2017-12-28,254.6842794258069
2017-12-29,252.79603861355776
2018-01-01,252.7987599950137
2018-01-02,253.533000408516
2018-01-03,255.14040666635216
2018-01-04,256.1090345191877
2018-01-05,258.5993463111425
2018-01-08,260.06052731750805
2018-01-09,261.57204260964016
2018-01-10,260.5092274234326
2018-01-11,260.26097231045566
2018-01-12,259.71624933922527
2018-01-15,258.055609010667
2018-01-16,258.29933396640524
2018-01-17,259.4080415380256
2018-01-18,259.1093434463704
2018-01-19,260.6908125054887
2018-01-22,261.7274345553676
2018-01-23,261.9099279262495
2018-01-24,260.29496867406453
2018-01-25,258.0163972343769
2018-01-26,261.1502577925247
2018-01-29,261.0672170190452
2018-01-30,257.58566032895806
2018-01-31,256.54054228559465
2018-02-01,256.2296345554897
2018-02-02,252.16698795673403
2018-02-05,244.6163880435653
2018-02-06,245.5640345564194
2018-02-07,246.8475859779311
2018-02-08,240.9835058836813
2018-02-09,241.88645462924532
2018-02-12,244.29206791828204
2018-02-13,243.2767302610312
2018-02-14,245.26892138958368
2018-02-15,246.8181709240328
2018-02-16,248.25187111469316
2018-02-19,249.06536235823123
2018-02-20,249.05735795838288
2018-02-21,248.5772098123708
2018-02-22,248.4869071911629
2018-02-23,251.74190343789823
2018-02-26,254.1808610197454
2018-02-27,252.95504481431385
2018-02-28,251.1751427476245
2018-03-01,248.26273138543763
2018-03-02,245.59812617948933
2018-03-05,247.23708887269825
2018-03-06,247.1208845191496
2018-03-07,246.873110396888
2018-03-08,249.50703843135653
2018-03-09,252.52069546064268
2018-03-12,253.1240760291818
2018-03-13,250.40180048355572
2018-03-14,250.01376182196984
2018-03-15,250.70939658936783
2018-03-16,251.6412886079138
2018-03-19,247.85476529967275
2018-03-20,249.09988099034416
2018-03-21,248.99672043028656
2018-03-22,243.9309967546099
2018-03-23,238.6667036121014
2018-03-26,240.8890759170096
2018-03-27,240.2270252172146
2018-03-28,240.3637855881869
2018-03-29,243.507362926415
2018-03-30,243.6626539993986
2018-04-02,240.11512339144824
2018-04-03,242.02796057228545
2018-04-04,243.02526439082808
2018-04-05,246.7598136621671
2018-04-06,242.8479158723004
2018-04-09,242.89564913830512
2018-04-10,245.53314850146944
2018-04-11,243.9768292827457
2018-04-12,246.3085452703022
2018-04-13,245.90790610717917
2018-04-16,246.43579211613013
2018-04-17,248.8358575344556
2018-04-18,249.0441386987735
2018-04-19,248.4123563731919
2018-04-20,248.25470320464785
2018-04-23,249.1473196286383
2018-04-24,247.4243277232014
2018-04-25,247.7447944356886
2018-04-26,250.88536432044697
2018-04-27,251.5891799342717
2018-04-30,250.87904143498983
2018-05-01,252.4880472723072
2018-05-02,252.3380627748112
2018-05-03,251.8304095507118
2018-05-04,254.53710787964528
2018-05-07,255.8277529677244
2018-05-08,256.9008713351954
2018-05-09,258.72396102243374
2018-05-10,259.9840762600255
2018-05-11,259.67564614707663
2018-05-14,259.6817003443275
2018-05-15,260.0646880865462
2018-05-16,262.1339547600399
2018-05-17,262.4010892922775
2018-05-18,262.35394218123014
2018-05-21,264.05507480130103
2018-05-22,263.32144223672407
2018-05-23,264.1651531258047
2018-05-24,263.08851138198696
2018-05-25,263.8072897528271
2018-05-28,264.1374482247577
2018-05-29,262.44802564951493
2018-05-30,263.5523965602821
2018-05-31,261.29657209647803
2018-06-01,263.56948648458456
2018-06-04,264.4013978010386
2018-06-05,264.7275712336734
2018-06-06,264.3667539584397
2018-06-07,263.5350334685571
2018-06-08,264.88568379928324
2018-06-11,264.7870426670221
2018-06-12,265.3971915481023
2018-06-13,265.0620427609451
2018-06-14,268.1370583888099
2018-06-15,267.9224580255473
2018-06-18,266.9631672760631
2018-06-19,266.30269911481474
2018-06-20,266.767493889214
2018-06-21,264.64974939768115
2018-06-22,265.07292869478886
2018-06-25,260.32661940499474
2018-06-26,261.13673359597266
2018-06-27,261.21945979430245
2018-06-28,262.0809345335317
2018-06-29,261.1160076567405
2018-07-02,261.7654507356189
2018-07-03,260.79791897164466
2018-07-04,260.92696572510823
2018-07-05,261.3980147454355
2018-07-06,262.3726677344669
2018-07-09,264.5235266652175
2018-07-10,265.99520112176094
2018-07-11,263.67121733891696
2018-07-12,266.2010698512688
2018-07-13,267.05704235512064
2018-07-16,265.9246991381471
2018-07-17,267.1533516590318
2018-07-18,268.59603829816336
2018-07-19,268.37098948581274
2018-07-20,266.738008040523
2018-07-23,266.84560279894447
2018-07-24,268.2805149856471
2018-07-25,270.35797787614746
2018-07-26,270.71742430394784
2018-07-27,270.1522401230691
2018-07-30,267.83004158250424
2018-07-31,268.6962441993182
2018-08-01,268.874654041458
2018-08-02,270.0739882249692
2018-08-03,271.5869974707385
2018-08-06,272.6025540508537
2018-08-07,273.00335832166
2018-08-08,272.6528412758211
2018-08-09,273.19225938877
2018-08-10,273.52576312720987
2018-08-13,272.33911223925367
2018-08-14,274.6723017063006
2018-08-15,273.3809198544923
2018-08-16,273.52763394537294
2018-08-17,274.02639380623344
2018-08-20,274.39063747944414
2018-08-21,273.1759761184997
2018-08-22,271.8408121516274
2018-08-23,271.560882198125
2018-08-24,271.89742722785286
2018-08-27,273.2104820474028
2018-08-28,272.5333867851823
2018-08-29,274.0615477579768
2018-08-30,273.76871249184563
2018-08-31,273.5521403143768
2018-09-03,273.4951696542032
2018-09-04,273.84921505226475
2018-09-05,270.9406656885428
2018-09-06,269.77254382171776
2018-09-07,270.0909748960817
2018-09-10,270.25389186212453
2018-09-11,271.3330931930867
2018-09-12,271.04690253036847
2018-09-13,271.1923807331416
2018-09-14,271.8866728023642
2018-09-17,270.5965712125181
2018-09-18,271.843031502073
2018-09-19,273.2340385316345
2018-09-20,273.57220654160164
2018-09-21,273.90650100260183
2018-09-24,272.3713492828793
2018-09-25,272.6394270855105
2018-09-26,273.0511159948363
2018-09-27,274.6697480826041
2018-09-28,275.54897142876337
2018-10-01,276.80767163795286
2018-10-02,276.9269527998715
2018-10-03,277.348363218003
2018-10-04,275.4861078384638
2018-10-05,273.95589030882485
2018-10-08,273.8639997578064
2018-10-09,273.322561209084
2018-10-10,265.5588025108852
2018-10-11,259.35039105889064
2018-10-12,261.6726321562103
2018-10-15,260.0581789338458
2018-10-16,264.76650466175874
2018-10-17,265.7261820269084
2018-10-18,263.4616556533052
2018-10-19,263.0569600480019
2018-10-22,262.5299271575932
2018-10-23,260.2859072659261
2018-10-24,255.8951582667066
2018-10-25,258.5444932019069
2018-10-26,255.60591094233465
2018-10-29,254.38543316590653
2018-10-30,257.7564772159913
2018-10-31,261.72677732922875
2018-11-01,262.6517819161739
2018-11-02,262.5436342102862
2018-11-05,262.55297633984907
2018-11-06,263.4641003723712
2018-11-07,266.5476953408871
2018-11-08,267.4208238212879
2018-11-09,266.66630766185364
2018-11-12,264.6137647523079
2018-11-13,263.66886376221186
2018-11-14,261.58568821794387
2018-11-15,262.8490660832545
2018-11-16,261.8201209716256
2018-11-19,257.6404670163523
2018-11-20,254.39120668654823
2018-11-21,255.80263402284191
2018-11-22,255.44536602270105
2018-11-23,255.71409516438905
2018-11-26,258.9516341656254
2018-11-27,260.222762397408
2018-11-28,264.42526101582234
2018-11-29,262.5393635423184
2018-11-30,264.8869955686858
2018-12-03,267.57548063093896
2018-12-04,261.05973081177933
2018-12-05,260.23222821172726
2018-12-06,257.02915375099195
2018-12-07,253.55442224907335
2018-12-10,252.27631402415997
2018-12-11,253.67684665685465
2018-12-12,255.4970382130909
2018-12-13,255.74890353324136
2018-12-14,252.74921539855487
2018-12-17,248.22957864418916
2018-12-18,246.86544429915892
2018-12-19,243.62309421372004
2018-12-20,239.906132634082
2018-12-21,236.3710499598063
2018-12-24,232.2552540766773
2018-12-25,231.26689973189312
2018-12-26,238.56355086997556
2018-12-27,240.20053968580123
2018-12-28,240.64829266175303
2018-12-31,242.41185870475863
2019-01-01,242.4150968013503
2019-01-02,243.6995383237739
2019-01-03,239.3135068153336
2019-01-04,245.5229576231209
2019-01-07,246.4086806777647
2019-01-08,248.90349030156477
2019-01-09,249.38041940405645
2019-01-10,250.0446252863057
2019-01-11,250.9362396546172
2019-01-14,250.0147696295125
2019-01-15,252.77509588964347
2019-01-16,253.9940820136613
2019-01-17,255.52440333034735
2019-01-18,259.0760228424373
2019-01-21,259.1081399122096
2019-01-22,256.4745204368392
2019-01-23,256.143062274347
2019-01-24,257.1224917815037
2019-01-25,258.52802275780954
2019-01-28,256.0484450894381
2019-01-29,256.5647064078448
2019-01-30,259.10361640584347
2019-01-31,260.29379963151536
2019-02-01,260.5916115986556
2019-02-04,262.55300702735667
2019-02-05,264.7346855614804
2019-02-06,264.9302734436133
2019-02-07,262.85612332126914
2019-02-08,262.7109990350657
2019-02-11,264.06265887082446
2019-02-12,266.5905979123421
2019-02-13,267.902120335177
2019-02-14,267.6125503190624
2019-02-15,270.3829303901019
2019-02-18,270.13171274618605
2019-02-19,269.9138552939253
2019-02-20,270.597047970356
2019-02-21,269.88279737525227
2019-02-22,271.32528528609504
2019-02-25,271.7833167278149
2019-02-26,271.5211835427609
2019-02-27,271.02787576547854
2019-02-28,270.1810837862344
2019-03-01,271.5439812916993
2019-03-04,272.38691688155353
2019-03-05,272.3991742383289
2019-03-06,270.97119768526187
2019-03-07,270.91030870155214
2019-03-08,269.50025162771624
2019-03-11,272.8494798504028
2019-03-12,272.780971283421
2019-03-13,273.55079556483264
2019-03-14,273.81795586399414
2019-03-15,274.92893199970933
2019-03-18,275.8540266792299
2019-03-19,275.9721294394265
2019-03-20,274.7532965525452
2019-03-21,276.6426083818026
2019-03-22,274.2246818962183
2019-03-25,272.26664351896795
2019-03-26,275.32169539015814
2019-03-27,275.11605156142696
2019-03-28,275.73307867138493
2019-03-29,277.59370213036675
2019-04-01,280.9574212198124
2019-04-02,281.7219504590659
2019-04-03,282.2354406125778
2019-04-04,282.59325924796224
2019-04-05,283.38656223551425
2019-04-08,282.8270979859124
2019-04-09,281.31186077116456
2019-04-10,282.5133412163684
2019-04-11,281.93920440414286
2019-04-12,282.48176160775057
2019-04-15,282.8688458747335
2019-04-16,283.3659552089517
2019-04-17,283.03702093547594
2019-04-18,284.4400512345531
2019-04-19,284.4602541979058
2019-04-22,284.33361609159937
2019-04-23,287.2801646403665
2019-04-24,286.66762298189474
2019-04-25,287.7530483410231
2019-04-26,288.4236647170511
2019-04-29,288.613432867785
2019-04-30,287.98841545012414
2019-05-01,285.9922197348399
2019-05-02,286.3310520060538
2019-05-03,288.4599634439307
2019-05-06,286.8583802555443
2019-05-07,282.9312765564813
2019-05-08,282.1146421266196
2019-05-09,279.8756495271241
2019-05-10,280.49147323063045
2019-05-13,275.2922341220766
2019-05-14,277.7187287172005
2019-05-15,279.43125796806004
2019-05-16,282.31949628597243
2019-05-17,281.5730774806734
2019-05-20,279.9272261219893
2019-05-21,281.28739953708805
2019-05-22,281.2059568437382
2019-05-23,278.1103786991332
2019-05-24,277.7996012533174
2019-05-27,278.30132723105885
2019-05-28,277.17563385316754
2019-05-29,275.34849863116284
2019-05-30,276.0074657288393
2019-05-31,272.9176156488113
2019-06-03,271.354912069088
2019-06-04,274.9187574880594
2019-06-05,276.62649589290567
2019-06-06,277.2708454033348
2019-06-07,278.91660897518835
2019-06-10,280.6094176392125
2019-06-11,281.1936667641125
2019-06-12,280.34776127916064
2019-06-13,281.929708936596
2019-06-14,282.3441790096255
2019-06-17,282.3099117482971
2019-06-18,286.01270671955285
2019-06-19,286.671270224918
2019-06-20,287.638833864594
2019-06-21,286.2141848912335
2019-06-24,284.4892901006203
2019-06-25,282.7802995974426
2019-06-26,282.26350984783016
2019-06-27,283.5773823749809
2019-06-28,284.65584823107764
2019-07-01,288.0802785056796
2019-07-02,289.6692944667305
2019-07-03,292.0016775601882
2019-07-04,292.2318893707851
2019-07-05,292.52169165113764
2019-07-08,291.2554061555396
2019-07-09,291.401652025254
2019-07-10,291.24350357701235
2019-07-11,291.75038558531975
2019-07-12,292.7411583860263
2019-07-15,292.71657241891023
2019-07-16,292.8951784301818
2019-07-17,291.4986005015901
2019-07-18,291.75427131748296
2019-07-19,291.1662446488783
2019-07-22,291.56880656522634
2019-07-23,295.0578426229077
2019-07-24,296.3447848872155
2019-07-25,294.4968415320173
2019-07-26,296.52678613834547
2019-07-29,295.9679863983373
2019-07-30,294.55592155474494
2019-07-31,292.591868926818
2019-08-01,292.667782362164
2019-08-02,288.4229857204954
2019-08-05,279.2845399043432
2019-08-06,280.83810432546017
2019-08-07,280.76012315658136
2019-08-08,285.6282697767391
2019-08-09,284.0891637242896
2019-08-12,281.3162020398853
2019-08-13,284.3511073346894
2019-08-14,278.93237444675606
2019-08-15,279.5992254661636
2019-08-16,283.17067100680083
2019-08-19,286.5486545564437
2019-08-20,285.081298409616
2019-08-21,287.1206476282564
2019-08-22,286.9640689736034
2019-08-23,281.2722825764461
2019-08-26,282.58534724191867
2019-08-27,282.8640836295319
2019-08-28,284.4784571170128
2019-08-29,287.5964666690841
2019-08-30,289.76914950695664
2019-09-02,290.7023305299934
2019-09-03,289.5398064418803
2019-09-04,290.8890547752756
2019-09-05,293.90178491173464
2019-09-06,294.42962916629585
2019-09-09,294.12511795190204
2019-09-10,294.7003086703761
2019-09-11,297.9246497507827
2019-09-12,298.0453204705744
2019-09-13,297.1829637752511
2019-09-16,298.176971383484
2019-09-17,297.5730925931076
2019-09-18,297.20932625981385
2019-09-19,297.794520663638
2019-09-20,298.0512572748632
2019-09-23,297.9747384053791
2019-09-24,296.3613037811351
2019-09-25,297.75546012575217
2019-09-26,298.06765895330494
2019-09-27,297.0697741992966
2019-09-30,298.9352492446116
2019-10-01,295.56678769481687
2019-10-02,289.7568564486376
2019-10-03,290.1214173792641
2019-10-04,293.3141234749141
2019-10-07,292.630344000797
2019-10-08,289.8846785738261
2019-10-09,291.1433832574372
2019-10-10,291.98843254591054
2019-10-11,295.36272114006863
2019-10-14,295.0960031249898
2019-10-15,297.6671496823139
2019-10-16,297.1548269174773
2019-10-17,296.3015591349756
2019-10-18,294.7882166545205
2019-10-21,296.4943687847011
2019-10-22,296.23209899415644
2019-10-23,297.1809198829418
2019-10-24,298.48542918204527
2019-10-25,299.8123308435798
2019-10-28,300.9389833077052
2019-10-29,300.4598186779321
2019-10-30,300.9344137694872
2019-10-31,299.54961121671
2019-11-01,301.69635341919223
2019-11-04,303.33852580648903
2019-11-05,305.26565935339966
2019-11-06,305.5752240474897
2019-11-07,307.1909776915849
2019-11-08,308.1640976115912
2019-11-11,307.4750708241673
2019-11-12,308.60684909361936
2019-11-13,308.46471485691325
2019-11-14,308.3614895156246
2019-11-15,309.349810636259
2019-11-18,308.9543519964271
2019-11-19,308.88391457988035
2019-11-20,307.9418010957661
2019-11-21,307.0698444527457
2019-11-22,308.7335621780364
2019-11-25,311.6352665503938
2019-11-26,312.1322243264596
2019-11-27,313.65236714419206
2019-11-28,313.35397928383674
2019-11-29,311.53622308675017
2019-12-02,308.09408244427914
2019-12-03,305.9965863339265
2019-12-04,307.5734108163699
2019-12-05,307.8995168502573
2019-12-06,311.53452119659613
2019-12-09,310.4532277827419
2019-12-10,309.5212171606894
2019-12-11,310.3445261921043
2019-12-12,311.4077169981922
2019-12-13,312.2979257599151
2019-12-16,314.66011518552017
2019-12-17,314.1033933406565
2019-12-18,314.4441696535163
2019-12-19,315.7201542279128
2019-12-20,317.87132041975497
2019-12-23,317.9182718491549
2019-12-24,318.02299516200924
2019-12-25,317.9391232524975
2019-12-26,318.92448517192685
2019-12-27,317.74630620112634
2019-12-30,315.0784151960535
2019-12-31,315.1808384344613
2020-01-01,315.18172156381604
2020-01-02,318.2145069743677
2020-01-03,317.53337457907674
2020-01-06,317.03629649177805
2020-01-07,318.1378385274707
2020-01-08,319.37906885227903
2020-01-09,321.6568279923683
2020-01-10,321.0370048971979
2020-01-13,321.8786109074768
2020-01-14,322.2889396820546
2020-01-15,321.9065435145769
2020-01-16,324.10902174562705
2020-01-17,326.73423905805896
2020-01-20,327.0469201398933
2020-01-21,325.81664889541787
2020-01-22,326.6104490534109
2020-01-23,326.9524183016016
2020-01-24,326.09639974947174
2020-01-27,321.12152386541754
2020-01-28,323.7162756354672
2020-01-29,323.9144329976155
2020-01-30,322.6676337795541
2020-01-31,317.3047180394795
2020-02-03,319.2234992399785
2020-02-04,324.10482011996965
2020-02-05,328.13988857519206
2020-02-06,330.4898372458911
2020-02-07,329.32190306217063
2020-02-10,331.69724912292656
2020-02-11,333.0859170595761
2020-02-12,335.5908229474157
2020-02-13,336.4429311159189
2020-02-14,336.7641956597035
2020-02-17,337.1383049238968
2020-02-18,336.1039573493325
2020-02-19,338.45422820417184
2020-02-20,336.61111764349874
2020-02-21,332.70548782391995
2020-02-24,322.62592315740403
2020-02-25,313.90940265980737
2020-02-26,312.3942053050738
2020-02-27,297.94251431106284
2020-02-28,293.0628399716407
2020-03-02,298.82783789470665
2020-03-03,293.20287626181806
2020-03-04,302.7752962550793
2020-03-05,294.74702424464374
2020-03-06,285.8613429908132
2020-03-09,262.8770273783849
2020-03-10,272.1205764230994
2020-03-11,263.0949909750706
2020-03-12,241.2364532195952
2020-03-13,255.83737114995577
2020-03-16,230.08081401917423
2020-03-17,243.19982546367123
2020-03-18,233.71322571597375
2020-03-19,238.3613352965056
2020-03-20,232.53014018216703
2020-03-23,224.17658288390604
2020-03-24,243.01762078846664
2020-03-25,248.24218735092376
2020-03-26,256.1944433747911
2020-03-27,248.82871332620724
2020-03-30,255.65543330136225
2020-03-31,254.55619159709437
2020-04-01,245.83129979594287
2020-04-02,250.20275854753135
2020-04-03,248.0873708963412
2020-04-06,263.0651819490748
2020-04-07,262.57106017492094
2020-04-08,269.3076912454655
2020-04-09,271.6937701392007
2020-04-10,271.8707560203295
2020-04-13,270.7178283501983
2020-04-14,275.9248612601145
2020-04-15,271.10683375032465
2020-04-16,273.08092524402144
2020-04-17,279.4635734555178
2020-04-20,276.40258440792434
2020-04-21,268.34819300640083
2020-04-22,274.22127670611167
2020-04-23,275.0811274348794
2020-04-24,277.3433722252825
2020-04-27,281.52605098681533
2020-04-28,281.86840263723855
2020-04-29,287.9289765359681
2020-04-30,282.8676968100698
2020-05-01,274.8721043461168
2020-05-04,276.2335963508522
2020-05-05,281.02857063338604
2020-05-06,280.68729878858943
2020-05-07,283.8933368142662
2020-05-08,286.40625398402386
2020-05-11,287.50857977629744
2020-05-12,282.5354900145033
2020-05-13,278.5181812999012
2020-05-14,279.42975232409003
2020-05-15,280.52464034073864
2020-05-18,287.98498210658227
2020-05-19,284.58831432644445
2020-05-20,287.6657159016298
2020-05-21,286.55941822368857
2020-05-22,287.6255427844756
2020-05-25,288.9253285826731
2020-05-26,291.00033826080744
2020-05-27,294.4257418269452
2020-05-28,293.8161322492066
2020-05-29,291.987292108589
2020-06-01,293.8067889285356
2020-06-02,295.7515193022334
2020-06-03,299.5980221221904
2020-06-04,295.8000372293984
2020-06-05,303.0543555683481
2020-06-08,306.2475737591042
2020-06-09,303.1190535589964
2020-06-10,302.1348696373457
2020-06-11,286.38616995390834
2020-06-12,291.2019219671937
2020-06-15,291.42725123283395
2020-06-16,298.8039225948539
2020-06-17,299.0455097040159
2020-06-18,298.8335252168005
2020-06-19,298.9350145315515
2020-06-22,298.42121960318656
2020-06-23,298.62324869925027
2020-06-24,292.65440115718275
2020-06-25,296.0756469332694
2020-06-26,291.4921826553198
2020-06-29,293.0226742729308
2020-06-30,296.8287010693901
2020-07-01,297.34003064816915
2020-07-02,300.452642429448
2020-07-03,299.915487777038
2020-07-06,303.00405377984856
2020-07-07,301.04655319350366
2020-07-08,301.200366710953
2020-07-09,300.569233625196
2020-07-10,302.4306263655992
2020-07-13,300.32295140565543
2020-07-14,301.8204383120936
2020-07-15,305.0250737875616
2020-07-16,303.34717900242134
2020-07-17,304.28358932289746
2020-07-20,306.33425134132347
2020-07-21,306.19021391515463
2020-07-22,304.2335444647838
2020-07-23,301.62894608585486
2020-07-24,298.7163382471129
2020-07-27,297.4164651748756
2020-07-28,297.14690643198907
2020-07-29,298.5362353989538
2020-07-30,296.03856776476255
2020-07-31,295.4187382458612
2020-08-03,300.0789462049455
2020-08-04,301.2771253875021
2020-08-05,300.49536160127184
2020-08-06,302.04703288083334
2020-08-07,302.9707225528165
2020-08-10,304.1744684177007
2020-08-11,304.0199196904683
2020-08-12,307.1869237456182
2020-08-13,306.2033284064988
2020-08-14,305.68854116130666
2020-08-17,305.9511869838144
2020-08-18,305.3003235285136
2020-08-19,305.21956306967314
2020-08-20,306.08650475247754
2020-08-21,308.091947515647
2020-08-24,310.43244057082927
2020-08-25,310.9368635044408
2020-08-26,314.06800953433617
2020-08-27,314.39281351327634
2020-08-28,313.36639920362245
2020-08-31,311.61260830090475
2020-09-01,313.01034154849526
2020-09-02,319.72188401417185
2020-09-03,311.0938779569448
2020-09-04,308.78160693215614
2020-09-07,309.1181778007387
2020-09-08,303.11419927184824
2020-09-09,307.7614058927996
2020-09-10,302.85786893111134
2020-09-11,303.9192248986875
2020-09-14,306.52452355490016
2020-09-15,308.5714422757882
2020-09-16,308.5783919669336
2020-09-17,306.5677699014646
2020-09-18,303.2227966948257
2020-09-21,301.2741392532781
2020-09-22,304.0440510191335
2020-09-23,299.96711800507904
2020-09-24,300.13929609232304
2020-09-25,304.1832052817732
2020-09-28,308.6632170752296
2020-09-29,305.7279859267692
2020-09-30,306.8402343260477
2020-10-01,308.29185559512985
2020-10-02,306.56126756954205
2020-10-05,309.8514094338178
2020-10-06,307.18689121305954
2020-10-07,311.4406651381768
2020-10-08,314.16000741934295
2020-10-09,315.03340556735816
2020-10-12,318.9692190021367
2020-10-13,319.0510311284626
2020-10-14,317.2783245973867
2020-10-15,316.61554232327865
2020-10-16,316.6103045712795
2020-10-19,312.0511550170921
2020-10-20,311.4155786759544
2020-10-21,309.6408629330629
2020-10-22,311.2959010601663
2020-10-23,312.32310580955703
2020-10-26,307.59315704385307
2020-10-27,306.1098298332727
2020-10-28,298.5257796137263
2020-10-29,302.4963072898637
2020-10-30,299.41952445297846
2020-11-02,303.5509951947312
2020-11-03,307.23372495190347
2020-11-04,313.9629149117279
2020-11-05,317.2903258459241
2020-11-06,316.4727034579726
2020-11-09,321.96983671175747
2020-11-10,322.7386528535014
2020-11-11,327.19685468974814
2020-11-12,323.3580816023141
2020-11-13,325.69370065961124
2020-11-16,329.38707530025994
2020-11-17,327.93582698298786
2020-11-18,326.0172791722302
2020-11-19,327.4019587018333
2020-11-20,326.21193461349003
2020-11-23,328.09595375233727
2020-11-24,331.78403358511275
2020-11-25,331.3265662382371
2020-11-26,331.3605794490173
2020-11-27,331.53158234878947
2020-11-30,328.8532215119322
2020-12-01,330.2298043626669
2020-12-02,329.6225962578612
2020-12-03,328.3551138198652
2020-12-04,331.1708952288504
2020-12-07,330.9202372179313
2020-12-08,332.249991292436
2020-12-09,331.3098003419484
2020-12-10,330.1453042067618
2020-12-11,329.9082309754776
2020-12-14,329.15004411004145
2020-12-15,331.4553242693027
2020-12-16,331.9143001635063
2020-12-17,332.85660816248327
2020-12-18,332.0881646127971
2020-12-21,330.03079093769884
2020-12-22,330.9982973374245
2020-12-23,331.55757748693395
2020-12-24,332.61107792478407
2020-12-25,332.6400059242919
2020-12-28,333.98304877855327
2020-12-29,333.9439528652811
2020-12-30,332.8568460092454
2020-12-31,335.13301270482816
2021-01-01,335.133012704828
2021-01-04,331.6736894619054
2021-01-05,333.32571531801614
2021-01-06,335.10927823652827
2021-01-07,340.0481356912655
2021-01-08,342.54256958839727
2021-01-11,342.5981632179421
2021-01-12,342.91848855069145
2021-01-13,343.55068998841034
2021-01-14,344.0704776415132
2021-01-15,342.3471294945558
2021-01-18,342.68528403537937
2021-01-19,343.59717884640924
2021-01-20,347.8910541561362
2021-01-21,347.1132422003904
2021-01-22,345.24730552754266
2021-01-25,346.6143193092454
2021-01-26,345.2303393539396
2021-01-27,339.8573948220892
2021-01-28,341.0267627573711
2021-01-29,334.1646427327435
2021-02-01,340.57310688087455
2021-02-02,346.4246519293605
2021-02-03,347.6456385570641
2021-02-04,351.176148506558
2021-02-05,351.8270026286195
2021-02-08,354.0298876291069
2021-02-09,352.92892220398096
2021-02-10,352.2407824465762
2021-02-11,353.0511515857138
2021-02-12,354.92793830651334
2021-02-15,355.89746504071763
2021-02-16,356.12855567971303
2021-02-17,357.1685939539924
2021-02-18,354.35975483422914
2021-02-19,353.23922845198354
2021-02-22,350.64012616258503
2021-02-23,350.153776722094
2021-02-24,352.8921581295931
2021-02-25,344.765525487224
2021-02-26,343.03799559068426
2021-03-01,352.71428266109587
2021-03-02,350.4398955307463
2021-03-03,346.74869365979407
2021-03-04,343.39082004890525
2021-03-05,350.03916912978923
2021-03-08,350.7844216692238
2021-03-09,355.09804013843245
2021-03-10,356.4596499195775
2021-03-11,358.5083918895361
2021-03-12,359.3720122048072
2021-03-15,361.9069352381876
2021-03-16,362.8202308838988
2021-03-17,362.9179171689909
2021-03-18,359.2098931472249
2021-03-19,358.907318450133
2021-03-22,359.9636163548133
2021-03-23,358.99725642371686
2021-03-24,357.58901694198414
2021-03-25,360.3231716520152
2021-03-26,364.84422444168587
2021-03-29,365.4611697835768
2021-03-30,365.9730699539305
2021-03-31,366.0625747317546
2021-04-01,369.5589005175783
2021-04-02,369.7802271534135
2021-04-05,372.6461822315351
2021-04-06,371.8193504604975
2021-04-07,370.5358398991357
2021-04-08,372.5453293730711
2021-04-09,374.679729643606
2021-04-12,373.75065230547926
2021-04-13,374.6002965212928
2021-04-14,372.7135554034694
2021-04-15,376.2632953582222
2021-04-16,377.4603215308232
2021-04-19,375.0788843681767
2021-04-20,370.61015351474026
2021-04-21,373.4238616655644
2021-04-22,372.4860187932766
2021-04-23,374.4818285193836
2021-04-26,374.7370361025144
2021-04-27,374.2599992269545
2021-04-28,374.0192042848009
2021-04-29,374.8057794090965
2021-04-30,374.0292847850378
2021-05-03,374.1633631734587
2021-05-04,372.1662787451114
2021-05-05,374.3475932814772
2021-05-06,375.19384824854586
2021-05-07,376.1522732904488
2021-05-10,373.39444817610325
2021-05-11,369.1635416609104
2021-05-12,365.2600452721715
2021-05-13,367.3983137898044
2021-05-14,371.4474307475149
2021-05-17,370.5503053034936
2021-05-18,367.6681587209223
2021-05-19,365.5585214414184
2021-05-20,369.5492755851309
2021-05-21,370.49438557750295
2021-05-24,372.5450235824822
2021-05-25,371.6767025496752
2021-05-26,373.0054711482739
2021-05-27,373.6614759064444
2021-05-28,375.3991250858912
2021-05-31,373.5677389043055
2021-06-01,373.7955398584263
2021-06-02,375.5045655168532
2021-06-03,376.04335912264736
2021-06-04,378.319543560382
2021-06-07,378.0531913364852
2021-06-08,378.1828139900718
2021-06-09,377.5689839063333
2021-06-10,379.3657013620163
2021-06-11,381.9583095833848
2021-06-14,382.4734233068966
2021-06-15,382.0949235421108
2021-06-16,381.2208236411872
2021-06-17,385.3432034294655
2021-06-18,382.66464732720937
2021-06-21,384.51395817318
2021-06-22,387.3588278730956
2021-06-23,385.3713450630581
2021-06-24,388.0865495950744
2021-06-25,388.7854489280899
2021-06-28,389.61800481554735
2021-06-29,390.2873380471297
2021-06-30,390.8847867672972
2021-07-01,392.02577123003175
2021-07-02,395.1987198471936
2021-07-05,395.0753949162506
2021-07-06,395.20204239713314
2021-07-07,397.141189590748
2021-07-08,391.7975687571677
2021-07-09,395.4703555718452
2021-07-12,397.3151638769199
2021-07-13,397.60886643667016
2021-07-14,397.7270739726452
2021-07-15,395.7914369559804
2021-07-16,393.65430886547045
2021-07-19,387.3902711023673
2021-07-20,392.7721301891017
2021-07-21,395.9299728691976
2021-07-22,397.1005364948589
2021-07-23,401.53722119920064
2021-07-26,401.0053503573906
2021-07-27,398.91318914352695
2021-07-28,399.8751075077908
2021-07-29,399.67275211982746
2021-07-30,397.9201945814115
2021-08-02,398.1519469856255
2021-08-03,400.8877228205537
2021-08-04,400.4826794197169
2021-08-05,402.90062167778296
2021-08-06,405.0703035249547
2021-08-09,405.4885386963246
2021-08-10,406.67417705979017
2021-08-11,407.37759945788673
2021-08-12,408.62028168890976
2021-08-13,407.6678497274885
2021-08-16,407.43264827637097
2021-08-17,407.096248864103
2021-08-18,404.40239925713377
2021-08-19,403.5275542165946
2021-08-20,405.855439868064
2021-08-23,408.0492669447566
2021-08-24,408.5804931359819
2021-08-25,409.40386051132833
2021-08-26,407.28851329846646
2021-08-27,409.2626537841703
2021-08-30,410.5269950632613
2021-08-31,409.6721016211729
2021-09-01,409.3197164835671
2021-09-02,410.2488259892334
2021-09-03,410.11722643835327
2021-09-06,411.5489528304056
2021-09-07,410.725678194612
2021-09-08,410.3386393525496
2021-09-09,408.7440335701924
2021-09-10,406.3479464175429
2021-09-13,407.7186492507373
2021-09-14,406.0643205428205
2021-09-15,407.67376556421294
2021-09-16,408.93505343545263
2021-09-17,406.4521301182447
2021-09-20,400.2536892793573
2021-09-21,400.7118226418488
2021-09-22,403.644856133338
2021-09-23,407.31112590826575
2021-09-24,408.1877963327693
2021-09-27,407.5997070429353
2021-09-28,400.2744036737664
2021-09-29,401.9615625379155
2021-09-30,399.9466832091139
2021-10-01,401.8662545419247
2021-10-04,396.9881149938996
2021-10-05,401.1697629711508
2021-10-06,402.89332477172695
2021-10-07,406.40171878117286
2021-10-08,405.55794662019
2021-10-11,403.9882590983371
2021-10-12,403.8959641844624
2021-10-13,404.9159122367332
2021-10-14,410.4817615125088
2021-10-15,413.2227428224784
2021-10-18,413.9822446398283
2021-10-19,415.3950875477752
2021-10-20,416.8133598742621
2021-10-21,417.498157816629
2021-10-22,417.3301665822432
2021-10-25,419.70123306861166
2021-10-26,421.3947052145205
2021-10-27,419.28082374927874
2021-10-28,420.0279087282433
2021-10-29,423.22066603555817
2021-11-01,424.670994051832
2021-11-02,425.743936323633
2021-11-03,427.8014277205567
2021-11-04,430.9233283647658
2021-11-05,431.6383382556666
2021-11-08,431.0933242549014
2021-11-09,429.9637298776095
2021-11-10,428.9592048382731
2021-11-11,430.8150940164177
2021-11-12,434.78640436164
2021-11-15,436.0827115643613
2021-11-16,439.5344946640687
2021-11-17,439.73505513131215
2021-11-18,438.9250821930038
2021-11-19,439.2510497534648
2021-11-22,439.53507017596894
2021-11-23,438.24605972461046
2021-11-24,441.0494894688595
2021-11-25,441.1309619720196
2021-11-26,427.40856595015913
2021-11-29,432.4650790361797
2021-11-30,425.5861390568133
2021-12-01,420.7919485922
2021-12-02,424.6153522074252
2021-12-03,422.65162745618255
2021-12-06,427.24439942373255
2021-12-07,437.3246517253815
2021-12-08,435.6992970143788
2021-12-09,434.2707988262015
2021-12-10,435.6980061524263
2021-12-13,433.22915851380606
2021-12-14,430.0614544610998
2021-12-15,435.99484517293615
2021-12-16,432.805418858313
2021-12-17,430.2886903208668
2021-12-20,424.3474764856397
2021-12-21,432.48846439891526
2021-12-22,434.4526837486615
2021-12-23,438.11488084449087
2021-12-24,437.4303170442636
2021-12-27,442.0351297382349
2021-12-28,443.13222584078153
2021-12-29,441.68845226503447
2021-12-30,441.5529882445381
2021-12-31,439.2490390715647
2022-01-03,443.70027913958086
2022-01-04,443.9425774296005
2022-01-05,436.75360996607446
2022-01-06,435.8173610967498
2022-01-07,432.9005276677617
2022-01-10,432.4337044227075
2022-01-11,435.3482693920369
2022-01-12,435.1233539832424
2022-01-13,429.3017326904017
2022-01-14,429.1027768778969
2022-01-17,430.66691135549513
2022-01-18,425.8621985421439
2022-01-19,422.3023198978134
2022-01-20,419.9799093712979
2022-01-21,412.2305334692725
2022-01-24,410.95104689825786
2022-01-25,408.1157273989928
2022-01-26,408.38808277612094
2022-01-27,409.912037058292
2022-01-28,416.2956123205055
2022-01-31,422.01986450692
2022-02-01,424.34777712003057
2022-02-02,426.2921253431374
2022-02-03,413.4745458606963
2022-02-04,413.8027248654342
2022-02-07,413.4429589282312
2022-02-08,416.7649644002731
2022-02-09,422.9473334710863
2022-02-10,416.5514405835247
2022-02-11,412.2961035758661
2022-02-14,411.992998062231
2022-02-15,416.10692239746095
2022-02-16,416.6768156966029
2022-02-17,409.6129783246943
2022-02-18,407.13728048720327
2022-02-21,406.289849025438
2022-02-22,402.7679895827137
2022-02-23,397.6168284233043
2022-02-24,404.8053075860166
2022-02-25,410.3280633683772
2022-02-28,410.54076875955286
2022-03-01,407.3267387179797
2022-03-02,414.74784329056826
2022-03-03,411.9247122014495
2022-03-04,410.8224983260606
2022-03-07,401.5322940037417
2022-03-08,398.3896181570993
2022-03-09,404.159777812471
2022-03-10,403.8158754165576
2022-03-11,401.2972031896349
2022-03-14,398.9381304831412
2022-03-15,404.74574725134175
2022-03-16,413.966401163895
2022-03-17,416.0012418231655
2022-03-18,422.4102373291973
2022-03-21,422.3122276947726
2022-03-22,427.6365487511292
2022-03-23,424.5661829015178
2022-03-24,428.4184673701543
2022-03-25,430.4254856969087
2022-03-28,432.79537269526816
2022-03-29,434.4837886873712
2022-03-30,430.3848219985732
2022-03-31,425.8069090436039
2022-04-01,429.84618495730535
2022-04-04,434.8481568862357
2022-04-05,432.6501864504083
2022-04-06,428.133634138279
2022-04-07,428.779398159025
2022-04-08,430.051100552634
2022-04-11,423.498600947272
2022-04-12,422.6286651322071
2022-04-13,427.29912069974046
2022-04-14,426.6048050449082
2022-04-15,426.4652791937052
2022-04-18,424.9996750605422
2022-04-19,429.72843595517423
2022-04-20,428.02778259073455
2022-04-21,423.92723952831307
2022-04-22,415.4942422893421
2022-04-25,417.4645819122806
2022-04-26,410.0065243928625
2022-04-27,414.70910391245
2022-04-28,422.78056222013913
2022-04-29,411.7882961888672
2022-05-02,412.9865070016819
2022-05-03,414.411198023169
2022-05-04,422.07359214572335
2022-05-05,410.9998939219976
2022-05-06,405.82062142255546
2022-05-09,394.5674488298829
2022-05-10,394.8959977535246
2022-05-11,391.17013608853046
2022-05-12,394.4017041704112
2022-05-13,404.3514795147459
2022-05-16,402.9181236324176
2022-05-17,405.7275683438075
2022-05-18,394.5577562115551
2022-05-19,389.79628101853
2022-05-20,391.6134703221153
2022-05-23,394.4067696660357
2022-05-24,389.1389256345116
2022-05-25,393.7258977886587
2022-05-26,398.7233583171545
2022-05-27,407.56305498334376
2022-05-30,406.71402383299886
2022-05-31,405.8297039456984
2022-06-01,404.5857851408826
2022-06-02,409.1100243027048
2022-06-03,403.8448876658727
2022-06-06,405.4751566761401
2022-06-07,408.31560541580967
2022-06-08,404.1386715170405
2022-06-09,398.2513295172626
2022-06-10,390.9370396612688
2022-06-13,380.5381982627814
2022-06-14,378.17344930572136
2022-06-15,382.792370002343
2022-06-16,369.88525567868646
2022-06-17,370.5443299258041
2022-06-20,369.136446804143
2022-06-21,375.3153218240146
2022-06-22,373.287569766517
2022-06-23,377.4604123453527
2022-06-24,387.3055138823278
2022-06-27,385.9246935305786
2022-06-28,383.1969052989633
2022-06-29,383.1282333918778
2022-06-30,379.823601370822
2022-07-01,384.1952731538748
2022-07-04,384.1937298600433
2022-07-05,388.9462292667272
2022-07-06,391.87218078768615
2022-07-07,399.1224593184433
2022-07-08,399.2434540409209
2022-07-11,397.9697799071068
2022-07-12,396.5024171833078
2022-07-13,392.6860775397749
2022-07-14,393.44245330447865
2022-07-15,397.5892280448649
2022-07-18,392.9284488712062
2022-07-19,400.17789190208686
2022-07-20,403.935461416671
2022-07-21,407.8120474267322
2022-07-22,404.2944305798553
2022-07-25,404.8793038073974
2022-07-26,404.12140070333857
2022-07-27,412.4431486891724
2022-07-28,416.3916796878087
2022-07-29,420.3538405867242
2022-08-01,417.66517252969226
2022-08-02,417.4693283889424
2022-08-03,424.4703600150174
2022-08-04,422.1350975066413
2022-08-05,422.5998170121857
2022-08-08,421.4824685426649
2022-08-09,418.9624368298392
2022-08-10,422.6185771115215
2022-08-11,422.9870992419168
2022-08-12,432.1300750956637
2022-08-15,435.4842797793568
2022-08-16,436.4377784737016
2022-08-17,433.913896284082
2022-08-18,435.9645249850864
2022-08-19,433.7693377704901
2022-08-22,428.98012545208286
2022-08-23,427.22993136266666
2022-08-24,427.8868957463789
2022-08-25,433.44419952608536
2022-08-26,420.41680844479134
2022-08-29,417.77687886035307
2022-08-30,413.9385908602259
2022-08-31,408.4276181419406
2022-09-01,410.7918002407168
2022-09-02,406.2784077203737
2022-09-05,409.33508534180095
2022-09-06,408.1636679479263
2022-09-07,410.9509764832205
2022-09-08,414.1331092877732
2022-09-09,417.8865745580857
2022-09-12,419.8123993287738
2022-09-13,409.1181492773407
2022-09-14,409.65251851175617
2022-09-15,405.7264811067267
2022-09-16,400.7741856172016
2022-09-19,403.259794970508
2022-09-20,399.8364216864295
2022-09-21,398.636959182254
2022-09-22,396.86486622027735
2022-09-23,393.1688767471218
2022-09-26,390.6169502873043
2022-09-27,391.00672266582495
2022-09-28,396.3128032950903
2022-09-29,385.04996503337
2022-09-30,380.2544601888641
2022-10-03,387.6263153580254
2022-10-04,395.1000975537844
2022-10-05,397.3174138102535
2022-10-06,394.4934928879281
2022-10-07,387.0454966638898
2022-10-10,386.7883389243358
2022-10-11,383.41435787823696
2022-10-12,382.3667557297424
2022-10-13,388.8623955517795
2022-10-14,381.7656858499834
2022-10-17,388.12471401278736
2022-10-18,390.92827104448594
2022-10-19,390.35481902311966
2022-10-20,386.6805350714356
2022-10-21,393.84474728240366
2022-10-24,395.197000199386
2022-10-25,399.2670698181258
2022-10-26,395.4093778747369
2022-10-27,395.5384801754074
2022-10-28,403.3697581040025
2022-10-31,403.97406391089686
2022-11-01,404.2174492488282
2022-11-02,396.84107013696695
2022-11-03,396.362132800431
2022-11-04,397.14714723417575
2022-11-07,397.1840779607713
2022-11-08,397.854905264108
2022-11-09,392.350783938574
2022-11-10,406.01766229072246
2022-11-11,406.0233214979882
2022-11-14,402.8252406323256
2022-11-15,405.1698992350369
2022-11-16,400.5842643827807
2022-11-17,401.2886834289248
2022-11-18,402.5679400406192
2022-11-21,404.5417236607351
2022-11-22,408.1611263369202
2022-11-23,407.946423590034
2022-11-24,407.898995952186
2022-11-25,407.673385060798
2022-11-28,402.7121410481056
2022-11-29,403.5403310981838
2022-11-30,414.7322142386468
2022-12-01,410.2892108877215
2022-12-02,409.6099563799842
2022-12-05,402.03808699263016
2022-12-06,397.9038580672432
2022-12-07,396.7194983080998
2022-12-08,397.5395540472727
2022-12-09,396.6323272515429
2022-12-12,400.43965954534
2022-12-13,400.7609968996072
2022-12-14,398.9614883698357
2022-12-15,388.7869667807732
2022-12-16,385.5111656849177
2022-12-19,383.8410359823297
2022-12-20,382.7128463378481
2022-12-21,388.6778554167436
2022-12-22,384.5126007350541
2022-12-23,385.522524822364
2022-12-26,385.5656811245741
2022-12-27,383.6073046989742
2022-12-28,380.9142282157217
2022-12-29,384.7027579653704
2022-12-30,383.12883976254943
2023-01-02,383.8112214986819
2023-01-03,387.1336157772258
2023-01-04,388.863896936383
2023-01-05,387.5759575927594
2023-01-06,392.70803841863744
2023-01-09,389.6310043322627
2023-01-10,391.29788061392975
2023-01-11,394.6926164789248
2023-01-12,395.5956485023633
2023-01-13,397.0301044017476
2023-01-16,397.202629474843
2023-01-17,398.1684283197499
2023-01-18,393.7419231998695
2023-01-19,391.1897646163544
2023-01-20,395.5111919809803
2023-01-23,398.5647885066005
2023-01-24,398.3292589120114
2023-01-25,397.4637233279008
2023-01-26,402.2773245501677
2023-01-27,403.9781371835651
2023-01-30,399.0472305378117
2023-01-31,403.1361367382983
2023-02-01,404.47592994893097
2023-02-02,409.2276135040224
2023-02-03,408.4455493648
2023-02-06,409.280857988178
2023-02-07,414.73429516800473
2023-02-08,410.78734218807614
2023-02-09,407.7164442223077
2023-02-10,410.0655499217634
2023-02-13,412.2820715355149
2023-02-14,412.72099000438845
2023-02-15,414.8417935244085
2023-02-16,411.3520459539839
2023-02-17,410.1702703275952
2023-02-20,409.7536998663215
2023-02-21,403.5973967590712
2023-02-22,404.3215926997016
2023-02-23,406.5584926500199
2023-02-24,404.1366764699409
2023-02-27,404.0817625831141
2023-02-28,402.9243921076714
2023-03-01,399.28258768550864
2023-03-02,403.57591706671593
2023-03-03,409.7791047634879
2023-03-06,407.6500145179293
2023-03-07,405.3319268412929
2023-03-08,406.7103970465645
2023-03-09,401.1414088028144
2023-03-10,391.73298301594855
2023-03-13,388.07452827837466
2023-03-14,392.96444309591175
2023-03-15,394.6545464623681
2023-03-16,397.42378666641054
2023-03-17,393.2735402935855
2023-03-20,393.7402850183397
2023-03-21,396.8752290532901
2023-03-22,392.37368474567927
2023-03-23,390.4160950498228
2023-03-24,394.4410130998124
2023-03-27,395.20364771182136
2023-03-28,393.6559648724805
2023-03-29,398.80206241838994
2023-03-30,399.049724070624
2023-03-31,405.4533536961776
2023-04-03,406.3446710190301
2023-04-04,402.3770790663641
2023-04-05,402.7255404789573
2023-04-06,403.2334257102193
2023-04-07,403.2738611751393
2023-04-10,405.804210029798
2023-04-11,404.66280869445467
2023-04-12,402.0741506986221
2023-04-13,404.39128000492906
2023-04-14,405.3860915043098
2023-04-17,409.0054924868256
2023-04-18,408.5205334448606
2023-04-19,408.3099282905003
2023-04-20,406.0369337998868
2023-04-21,406.3091139148712
2023-04-24,404.8855362290204
2023-04-25,401.4808920355893
2023-04-26,397.7066336113255
2023-04-27,404.113745851652
2023-04-28,406.00241218986673
2023-05-01,407.8672539496965
2023-05-02,403.5561767325033
2023-05-03,399.90764476525874
2023-05-04,399.4387079465821
2023-05-05,405.41553295863946
2023-05-08,405.9562168449913
2023-05-09,406.4397673367556
2023-05-10,406.9053530571791
2023-05-11,407.9108456324246
2023-05-12,409.2856280586155
2023-05-15,410.714794184756
2023-05-16,408.20756077094825
2023-05-17,412.7052454373941
2023-05-18,417.57059957812027
2023-05-19,417.2960217816975
2023-05-22,417.3509795977982
2023-05-23,413.9387445394886
2023-05-24,410.4340655684572
2023-05-25,412.9374825598059
2023-05-26,418.44069938566986
2023-05-29,418.6785638881851
2023-05-30,417.31229578843136
2023-05-31,416.23846632159297
2023-06-01,418.1530630105589
2023-06-02,424.571425515094
2023-06-05,424.67689952783246
2023-06-06,426.6661512001119
2023-06-07,424.3140739793158
2023-06-08,424.1625538190543
2023-06-09,425.2215171169783
2023-06-12,428.6099456674685
2023-06-13,429.9196032873176
2023-06-14,429.3609375909654
2023-06-15,431.0666804050124
2023-06-16,429.9254649961682
2023-06-19,428.9228843043485
2023-06-20,427.5444536678702
2023-06-21,423.7897234010477
2023-06-22,424.0280775565093
2023-06-23,422.9459507212695
2023-06-26,420.847397648098
2023-06-27,423.0782275587396
2023-06-28,425.5416896875422
2023-06-29,427.3947818770738
2023-06-30,431.337266879334
2023-07-03,432.27028486928094
2023-07-04,432.41377013968616
2023-07-05,431.9598561912476
2023-07-06,426.9510202521455
2023-07-07,423.7415928393192
2023-07-10,423.6920661914051
2023-07-11,426.3449756777641
2023-07-12,426.2079045379774
2023-07-13,428.05317092469335
2023-07-14,425.9823656101013
2023-07-17,426.9314145802401
2023-07-18,429.684606361657
2023-07-19,432.2089356529788
2023-07-20,431.31111608964056
2023-07-21,432.4897234244117
2023-07-24,435.0655992866006
2023-07-25,437.6186055398104
2023-07-26,436.7530533652208
2023-07-27,438.1739780346306
2023-07-28,439.8209706283987
2023-07-31,441.1567183023196
2023-08-01,440.7473135243294
2023-08-02,435.89082315534216
2023-08-03,434.19903362773886
2023-08-04,430.1383509208849
2023-08-07,433.4014734514762
2023-08-08,433.3893588520184
2023-08-09,430.2433246273458
2023-08-10,430.21430405191046
2023-08-11,430.3289846806412
2023-08-14,433.63031005730255
2023-08-15,428.1169534736543
2023-08-16,426.155843072013
2023-08-17,423.43272565056577
2023-08-18,423.4470340676223
2023-08-21,424.808099532432
2023-08-22,426.0688818705522
2023-08-23,430.4102938863208
2023-08-24,426.1064610319715
2023-08-25,429.7083115021045
2023-08-28,431.8147105937388
2023-08-29,436.7376811370629
2023-08-30,435.143624848846
2023-08-31,437.44357778942594
2023-09-01,439.8325170812312
2023-09-04,440.8413493121038
2023-09-05,441.5442872834754
2023-09-06,438.9553887231173
2023-09-07,437.851072993707
2023-09-08,437.7091218866626
2023-09-11,439.5121182894308
2023-09-12,438.8389982614469
2023-09-13,437.96917604135086
2023-09-14,444.8989463749551
2023-09-15,441.6279144577662
2023-09-18,440.5423150148705
2023-09-19,439.2078703783268
2023-09-20,435.8347581226619
2023-09-21,430.7685201616816
2023-09-22,429.9260888274137
2023-09-25,433.1927536252208
2023-09-26,427.68527543583735
2023-09-27,430.0350811132369
2023-09-28,430.46943759394645
2023-09-29,429.0891831069012
2023-10-02,430.59639682633457
2023-10-03,425.54687300932056
2023-10-04,426.5632223815585
2023-10-05,425.9140964760868
2023-10-06,429.9745214301219
2023-10-09,431.7318249929375
2023-10-10,434.0045022720328
2023-10-11,434.6927263193672
2023-10-12,435.1930603742644
2023-10-13,434.0266776697573
2023-10-16,435.6446725334906
2023-10-17,435.0254624555309
2023-10-18,431.04304685241857
2023-10-19,425.7108331558984
2023-10-20,419.9170878977808
2023-10-23,417.6279034809357
2023-10-24,421.12089245567387
2023-10-25,417.14051086495294
2023-10-26,414.1597419811978
2023-10-27,411.4093628755666
2023-10-30,413.7002361460318
2023-10-31,417.3286004862519
2023-11-01,422.9876376663188
2023-11-02,428.03930734799496
2023-11-03,428.10280701411807
2023-11-06,428.5148095481564
2023-11-07,430.600666038661
2023-11-08,429.8976005076619
2023-11-09,428.2136893170887
2023-11-10,433.3100351661223
2023-11-13,433.098188010808
2023-11-14,435.93720460529545
2023-11-15,436.5884760471512
2023-11-16,435.89007850735135
2023-11-17,437.2903433449962
2023-11-20,438.1300066435723
2023-11-21,437.6081181608672
2023-11-22,441.0752070452627
2023-11-23,439.9205476665468
2023-11-24,439.6637286696565
2023-11-27,438.8994765590021
2023-11-28,437.6484843953571
2023-11-29,438.1259284331289
2023-11-30,442.1885269346667
2023-12-01,447.8007683060927
2023-12-04,446.5620163858197
2023-12-05,446.4910936249465
2023-12-06,446.7699343101076
2023-12-07,449.5174725246589
2023-12-08,451.6399455784263
2023-12-11,454.01750948297376
2023-12-12,454.1059576854413
2023-12-13,458.536594396984
2023-12-14,454.29815126509055
2023-12-15,457.1952725793712
2023-12-18,457.981272129935
2023-12-19,458.2150644399177
2023-12-20,454.195164040231
2023-12-21,456.9137489335864
2023-12-22,457.0201368371012
2023-12-25,457.0540951098642
2023-12-26,457.9460892984572
2023-12-27,456.63453437704817
2023-12-28,457.0381363826356
2023-12-29,458.20712133571794
2024-01-01,458.2176605079118
2024-01-02,459.0752002763331
2024-01-03,456.3294834657543
2024-01-04,454.0495353874495
2024-01-05,454.03395542991433
2024-01-08,459.1428146920842
2024-01-09,460.4619923435518
2024-01-10,460.5037199119875
2024-01-11,460.78972384348737
2024-01-12,461.610036213576
2024-01-15,461.7824132904644
2024-01-16,462.1241974131647
2024-01-17,459.5099311222143
2024-01-18,462.79981669657707
2024-01-19,466.1946395470981
2024-01-22,468.1166838689231
2024-01-23,470.6784293232984
2024-01-24,469.5634133817957
2024-01-25,473.9489536709887
2024-01-26,473.1284782338111
2024-01-29,478.9148864904117
2024-01-30,477.32036807865137
2024-01-31,471.5605453884112
2024-02-01,476.2007631066178
2024-02-02,480.48624641670426
2024-02-05,481.81851078724594
2024-02-06,482.62951072499067
2024-02-07,485.0807768805124
2024-02-08,485.0686063768705
2024-02-09,486.2774251561785
2024-02-12,487.0767892499381
2024-02-13,483.30297355550647
2024-02-14,486.9894674535725
2024-02-15,488.800912561399
2024-02-16,487.7215664659045
2024-02-19,488.1614729382402
2024-02-20,483.7993605031882
2024-02-21,484.3177780095218
2024-02-22,492.6792245302511
2024-02-23,492.80355989956007
2024-02-26,490.2407836295831
2024-02-27,491.3072666911689
2024-02-28,490.6024156518994
2024-02-29,493.4159871968732
2024-03-01,496.7676776821064
2024-03-04,495.2363905052742
2024-03-05,491.1943226864228
2024-03-06,492.50809429488834
2024-03-07,496.7176677173941
2024-03-08,493.732282068564
2024-03-11,493.29336949692487
2024-03-12,498.15941839278673
2024-03-13,496.8601563809497
2024-03-14,497.51196002972927
2024-03-15,494.6654455384829
2024-03-18,497.3813865832668
2024-03-19,500.4700500086004
2024-03-20,503.9281009897606
2024-03-21,506.5592052265237
2024-03-22,507.7502248652092
2024-03-25,505.5807054419981
2024-03-26,505.1331598149249
2024-03-27,508.9231161054556
2024-03-28,510.1402262185253
2024-03-29,510.2856480668252
2024-04-01,510.9840908519082
2024-04-02,506.8025102492792
2024-04-03,505.0893705968138
2024-04-04,499.5727532049576
2024-04-05,504.2703149748433
2024-04-08,503.5891041153449
2024-04-09,503.9360996986204
2024-04-10,503.9893382315539
2024-04-11,507.9995335614758
2024-04-12,505.60558256253466
2024-04-15,500.74825486911993
2024-04-16,497.4629109272812
2024-04-17,494.8135427669989
2024-04-18,493.80546284758776
2024-04-19,489.4757614626657
2024-04-22,494.71339405324704
2024-04-23,498.3619023816388
2024-04-24,498.94710811561606
2024-04-25,495.3463955360572
2024-04-26,501.212194374117
2024-04-29,501.5074101584804
2024-04-30,496.2709725127344
2024-05-01,494.9951111120709
2024-05-02,498.9921176764927
2024-05-03,501.2678401207539
2024-05-06,505.1242395531886
2024-05-07,506.8607091457197
2024-05-08,507.3139099227283
2024-05-09,508.54658308170855
2024-05-10,510.5069919915474
2024-05-13,508.8922728712268
2024-05-14,510.0197301893821
2024-05-15,514.0931800980143
2024-05-16,513.0790484374428
2024-05-17,513.3958476924761
2024-05-20,514.659991721179
2024-05-21,515.3523013205505
2024-05-22,514.4797457726668
2024-05-23,512.0132184097454
2024-05-24,513.4382697318623
2024-05-27,513.7515115977607
2024-05-28,512.5104778286792
2024-05-29,510.26416612648615
2024-05-30,507.6065815232607
2024-05-31,510.6224816906658
2024-06-03,511.22353430036713
2024-06-04,510.814845401052
2024-06-05,515.8618521399023
2024-06-06,516.2940366189885
2024-06-07,517.8539187869393
2024-06-10,522.156138492115
2024-06-11,522.3760453089039
2024-06-12,521.7848097080262
2024-06-13,523.7091767266041
2024-06-14,526.0284658899444
2024-06-17,527.076387053503
2024-06-18,528.1488457732744
2024-06-19,527.815598454602
2024-06-20,528.5585480660077
2024-06-21,528.7622819982263
2024-06-24,526.5932750187358
2024-06-25,529.7938291567606
2024-06-26,530.6832219101476
2024-06-27,529.4874369207433
2024-06-28,527.7455131732382
2024-07-01,528.4098993466001
2024-07-02,530.3751857150523
2024-07-03,531.0552401044522
2024-07-04,531.9523923664093
2024-07-05,532.9249861939895
2024-07-08,532.6838161920726
2024-07-09,533.1008748152817
2024-07-10,537.8487473250876
2024-07-11,534.0350825776779
2024-07-12,535.6985920672411
2024-07-15,535.6622757555709
2024-07-16,539.5144689150086
2024-07-17,531.7405236828687
2024-07-18,528.4270376634014
2024-07-19,525.7987456729903
2024-07-22,530.6416324950968
2024-07-23,532.0105548407083
2024-07-24,521.9635376440018
2024-07-25,518.1734289267703
2024-07-26,523.1063995195146
2024-07-29,525.4112368130343
2024-07-30,524.1419973018385
2024-07-31,531.9089691156446
2024-08-01,525.3489659215445
2024-08-02,508.8880510304696
2024-08-05,490.69500683151233
2024-08-06,498.3700794710256
2024-08-07,497.1808135847792
2024-08-08,506.5657480824619
2024-08-09,508.8286624949378
2024-08-12,508.27426537143856
2024-08-13,515.3213259568275
2024-08-14,514.6387843005886
2024-08-15,523.9055259191945
2024-08-16,525.9771891583683
2024-08-19,527.4782375443843
2024-08-20,524.8999985022728
2024-08-21,526.3899301711097
2024-08-22,523.5865290159894
2024-08-23,526.6940336339013
2024-08-26,525.7067173514607
2024-08-27,526.9677181841469
2024-08-28,526.3720996972653
2024-08-29,529.3804804754286
2024-08-30,533.7352278534581
2024-09-02,533.450011768343
2024-09-03,525.4523732450917
2024-09-04,520.9456659006657
2024-09-05,519.7096885459757
2024-09-06,510.7049192698257
2024-09-09,518.3948794443736
2024-09-10,520.4052049098821
2024-09-11,524.6937756119245
2024-09-12,528.0830292268195
2024-09-13,529.2386947291169
2024-09-16,528.4827012494667
2024-09-17,528.4321559415499
2024-09-18,527.1759691587421
2024-09-19,535.3617054793718
2024-09-20,532.8552179042749
2024-09-23,535.0573115756174
2024-09-24,536.1751195310023
2024-09-25,534.2488164311009
2024-09-26,538.1029324739108
2024-09-27,538.6791218791692
2024-09-30,539.0540226327058
2024-10-01,538.8451224921449
2024-10-02,539.7371781326733
2024-10-03,539.1520817983883
2024-10-04,544.877951605882
2024-10-07,541.6881096161286
2024-10-08,544.239098481908
2024-10-09,548.5941500545314
2024-10-10,549.1002267679509
2024-10-11,551.1827519304087
2024-10-14,555.8415984017232
2024-10-15,552.762191754169
2024-10-16,554.9845092884535
2024-10-17,558.0155181076229
2024-10-18,558.7784769443666
2024-10-21,558.0461241890872
2024-10-22,558.0023951727875
2024-10-23,554.7594622327885
2024-10-24,555.0518736661825
2024-10-25,553.1087529427342
2024-10-28,555.3913848956531
2024-10-29,556.6118513805467
2024-10-30,551.5792772138371
2024-10-31,543.1558310670297
2024-11-01,545.4670863135425
2024-11-04,542.4016453017163
2024-11-05,547.7201095366837
2024-11-06,564.9766999256177
2024-11-07,566.4460158807887
2024-11-08,570.4226413832093
2024-11-11,576.466172653475
2024-11-12,575.2271386072058
2024-11-13,575.3963808725708
2024-11-14,574.0021242623434
2024-11-15,569.8123730941527
2024-11-18,569.8122335264464
2024-11-19,571.5002030414913
2024-11-20,574.1498721441415
2024-11-21,577.9193440849934
2024-11-22,585.4790611030313
2024-11-25,583.5447688489401
2024-11-26,585.2424259718998
2024-11-27,579.6575007294156
2024-11-28,581.1550199998462
2024-11-29,583.9191395026791
2024-12-02,590.2968718232528
2024-12-03,589.5251221153778
2024-12-04,591.8762978661691
2024-12-05,589.2443805282726
2024-12-06,590.8489862586315
2024-12-09,586.641561689824
2024-12-10,588.3129803065857
2024-12-11,593.1159206814696
2024-12-12,591.4762300657243
2024-12-13,589.3115270723233
2024-12-16,589.8434993306608
2024-12-17,588.0038643475018
2024-12-18,575.3502348288257
2024-12-19,576.720217504747
2024-12-20,579.8863782241372
2024-12-23,583.7361760472879
2024-12-24,588.7596230846935
2024-12-25,588.8589422706038
2024-12-26,587.9181870622516
2024-12-27,583.6492678732761
2024-12-30,580.3399081372709
2024-12-31,580.0704177558971
2025-01-01,580.0765024178673
2025-01-02,583.797443467073
2025-01-03,588.5097959080317
2025-01-06,586.5860439239835
2025-01-07,583.1880601287298
2025-01-08,587.0631551748809
2025-01-09,587.1150057601734
2025-01-10,581.5256189565805
2025-01-13,583.9947894925406
2025-01-14,579.6534108041001
2025-01-15,588.8161887230385
2025-01-16,589.4908904657146
2025-01-17,594.3447625566622
2025-01-20,590.3125558773489
2025-01-21,594.8200665129394
2025-01-22,596.9925191709889
2025-01-23,601.0636186891716
2025-01-24,594.3001760344265
2025-01-27,588.6803781592653
2025-01-28,596.4515298200512
2025-01-29,595.4970608147743
2025-01-30,598.7426330059051
2025-01-31,598.2006290267892
2025-02-03,596.6231370307476
2025-02-04,597.4899287725412
2025-02-05,598.6093042297289
2025-02-06,604.0168593783113
2025-02-07,600.6068191182097
2025-02-10,605.686634218252
2025-02-11,604.335929659075
2025-02-12,601.4174260882663
2025-02-13,605.143860511733
2025-02-14,601.6438176595791
2025-02-17,603.8202835022507
2025-02-18,605.9187049286925
2025-02-19,607.841328062071
2025-02-20,602.9598067670214
2025-02-21,596.256933805466
2025-02-24,593.1650200512986
2025-02-25,589.399631068971
2025-02-26,589.972410629375
2025-02-27,586.9397949569094
2025-02-28,593.6382799417123
2025-03-03,583.4133295425758
2025-03-04,574.0677020107702
2025-03-05,569.4606283821457
2025-03-06,559.7315405936649
2025-03-07,558.5068199595358
2025-03-10,546.9286399869052
2025-03-11,538.2905308647155
2025-03-12,541.5026544694709
2025-03-13,538.2542983480906
2025-03-14,547.4632447635278
2025-03-17,549.7160588472428
2025-03-18,545.791091238777
2025-03-19,552.6837687035363
2025-03-20,553.0061131456854
2025-03-21,554.4391021712255
2025-03-24,562.1220698977655
2025-03-25,563.4700985304961
2025-03-26,558.7789900392767
2025-03-27,556.0903182069243
2025-03-28,545.9007796747778
2025-03-31,546.100301286154
2025-04-01,548.829450351838
2025-04-02,549.3714365752098
2025-04-03,516.59391792586
2025-04-04,492.207729444155
2025-04-07,486.3685865696636
2025-04-08,484.9971540590335
2025-04-09,510.4134491156567
2025-04-10,497.8066350669932
2025-04-11,497.9901746147374
2025-04-14,502.86193439404207
2025-04-15,505.9102812012977
2025-04-16,495.7289920079752
2025-04-17,497.9503151816039
2025-04-18,498.23641676507
2025-04-21,484.524509254714
2025-04-22,494.5409993758552
2025-04-23,507.29436917557234
2025-04-24,514.6309808851234
2025-04-25,518.0954547165196
2025-04-28,519.0695955982737
2025-04-29,521.5782864285572
2025-04-30,523.5451944044627
2025-05-01,528.7320898854313
2025-05-02,533.4235407233604
2025-05-05,532.4276572612002
2025-05-06,529.4006367162691
2025-05-07,529.7400339229371
2025-05-08,535.5364214275968
2025-05-09,536.6052815855095
2025-05-12,556.2746592130289
2025-05-13,558.0843970295447
2025-05-14,556.6984762889622
2025-05-15,559.8404641660992
2025-05-16,564.5782066693026
2025-05-19,561.4055561142525
2025-05-20,560.0780064904094
2025-05-21,550.7407993883858
2025-05-22,552.2373040168012
2025-05-23,546.7477509718121
2025-05-26,546.4545973857486
2025-05-27,556.5007192343357
2025-05-28,555.1030460970132
2025-05-29,555.1675837185043
2025-05-30,555.2675141102839
2025-06-02,553.8324426687268
2025-06-03,557.8121666008259
2025-06-04,557.1747548136024
2025-06-05,554.0117316836021
2025-06-06,560.9690804084009
2025-06-09,560.6791351968623
2025-06-10,562.0876272210041
2025-06-11,558.5341850592908
2025-06-12,555.8603684928771
2025-06-13,551.619190741467
2025-06-16,554.3115030392305
2025-06-17,552.6031657827476
2025-06-18,553.1701503985493
2025-06-19,553.3642859047404
2025-06-20,550.3793195696047
2025-06-23,553.0760451584122
2025-06-24,556.2696547193948
2025-06-25,554.9963809681398
2025-06-26,555.6839534141282
2025-06-27,558.6945791960146
2025-06-30,560.1820510738846
2025-07-01,557.6170583908056
2025-07-02,560.1931965296836
2025-07-03,564.6759370150522
2025-07-04,563.2111185549514
2025-07-07,561.476328488881
2025-07-08,562.9506298363949
2025-07-09,565.4807522135555
2025-07-10,568.3529154146728
2025-07-11,565.3295029302839
2025-07-14,566.46650667837
2025-07-15,566.8325376211554
2025-07-16,568.5283697951868
2025-07-17,572.4599023365341
2025-07-18,570.254988718444
2025-07-21,568.7401758954568
2025-07-22,567.8822508010514
2025-07-23,572.9845740270229
2025-07-24,572.6693146518251
2025-07-25,574.8916971371947
2025-07-28,578.3199621807097
2025-07-29,581.7793256315792
2025-07-30,582.9169653867699
2025-07-31,581.9181018860038
2025-08-01,568.8962919869049
2025-08-04,575.4839517587676
2025-08-05,574.0904007723323
2025-08-06,575.3153509424609
2025-08-07,576.2437620647511
2025-08-08,578.4454102658095
2025-08-11,579.6996890912785
2025-08-12,582.7377932403234
2025-08-13,582.714601492741
2025-08-14,585.2061992045753
2025-08-15,582.8070371993966
2025-08-18,584.6672456823862
2025-08-19,582.0994590803423
2025-08-20,581.7374991577016
2025-08-21,581.7634507465239
2025-08-22,585.2144691001952
2025-08-25,584.0138450200236
2025-08-26,586.2790330847829
2025-08-27,589.8770481510572
2025-08-28,588.6780221566123
2025-08-29,583.8600276789118
2025-09-01,583.4756791149553
2025-09-02,581.1921043684515
2025-09-03,583.3603747545827
2025-09-04,589.0981502819068
2025-09-05,584.3499167606572
2025-09-08,585.7813073852976
2025-09-09,587.6841289228886
2025-09-10,589.3735846182459
2025-09-11,593.7600844923238
2025-09-12,593.4640650839867
2025-09-15,594.8457746566729
2025-09-16,589.6673964749132
2025-09-17,589.0963380164917
2025-09-18,594.8183670908937
2025-09-19,597.7557849812356
2025-09-22,599.211686504539
2025-09-23,595.8327963317606
2025-09-24,596.2259047430355
2025-09-25,596.149075958711
2025-09-26,598.7315382479247
2025-09-29,598.7502458763774
2025-09-30,600.3207837050431
2025-10-01,602.833301957164
2025-10-02,605.1418460852236
2025-10-03,605.149145356614
2025-10-06,608.4549483679126
2025-10-07,608.3386879222513
2025-10-08,613.5074733139377
2025-10-09,613.5816032253366
2025-10-10,599.5537645115922
2025-10-13,607.3548514821973
2025-10-14,604.4696048437406
2025-10-15,606.4165529536378
2025-10-16,602.250328384271
2025-10-17,603.3534723331425
2025-10-20,611.0041190221937
2025-10-21,613.010259961905
2025-10-22,610.0200916079485
2025-10-23,612.8129671367053
2025-10-24,616.0993157192872
2025-10-27,622.2840404199086
2025-10-28,622.1030520004723
2025-10-29,621.639019511514
2025-10-30,620.8815246180574
2025-10-31,623.3775258564299
2025-11-03,624.9809686105034
2025-11-04,619.9854305110937
2025-11-05,622.0303198849275
2025-11-06,614.1256009975941
2025-11-07,612.5964160352034
2025-11-10,622.5019137090342
2025-11-11,622.6989934479941
2025-11-12,624.2340014764127
2025-11-13,613.7835420820453
2025-11-14,613.3051198857488
2025-11-17,608.7337268248168
2025-11-18,602.8363813306406
2025-11-19,605.592702394165
2025-11-20,600.0810945325283
2025-11-21,605.0126156696577
2025-11-24,611.1962079371267
2025-11-25,614.9150531184112
2025-11-26,618.8489080550696
2025-11-27,619.0184519219079
2025-11-28,621.7179267252337
2025-12-01,617.618621403395
2025-12-02,619.9421073780893
2025-12-03,619.3843021881459
2025-12-04,621.023863748591
2025-12-05,622.4588166013635
2025-12-08,621.7979057662686
2025-12-09,620.9008997101865
2025-12-10,623.6837137331905
2025-12-11,620.3220799354589
2025-12-12,616.221411831303
2025-12-15,615.1305992797126
2025-12-16,612.545587144349
2025-12-17,607.6719332244247
2025-12-18,613.3546582253136
2025-12-19,618.6526501056195
2025-12-22,619.8835289297136
2025-12-23,622.2541782284007
2025-12-24,623.4961538645969
2025-12-25,623.5509283772167
2025-12-26,623.4440555032032
2025-12-29,622.3860247334118
2025-12-30,622.4361854058583
2025-12-31,619.3258082831268
2026-01-01,619.3531593377576
2026-01-02,621.04166444538
2026-01-05,628.1259666728614
2026-01-06,632.6425375477667
2026-01-07,630.695850112857
2026-01-08,631.1072350766731
2026-01-09,636.2795227266308
2026-01-12,635.6792435050816
2026-01-13,636.9107303108248
2026-01-14,634.9874566975978
2026-01-15,639.4939355686449
2026-01-16,639.4969818623447
2026-01-19,636.2115900569665
2026-01-20,621.4799168764924
2026-01-21,627.2699654536082
2026-01-22,629.8531685027928
2026-01-23,629.3116905636916
2026-01-26,626.038137960401
2026-01-27,626.7129512500237
2026-01-28,626.039780304544
2026-01-29,625.916390216099
2026-01-30,625.0956012331214
2026-02-02,632.184302858159
2026-02-03,628.9310327885838
2026-02-04,627.3322698516973
2026-02-05,620.1367809383629
2026-02-06,629.4171728203602
2026-02-09,630.3006170026405
2026-02-10,630.1735914207671
2026-02-11,632.888008620507
2026-02-12,624.218568697268
2026-02-13,625.3116811283177
2026-02-16,624.8279077860772
2026-02-17,627.1392977985936
2026-02-18,631.2764058348117
2026-02-19,632.7422094233217
2026-02-20,635.1763525486036
2026-02-23,629.4916866095829
2026-02-24,633.88552112439
2026-02-25,637.6532152590048
2026-02-26,636.1299607912555
2026-02-27,634.4475626697692
2026-03-02,637.9663586502328
2026-03-03,633.1029983910931
2026-03-04,633.851757908055
2026-03-05,632.9260580959701
2026-03-06,625.9076350562752
2026-03-09,626.6805348594537
2026-03-10,626.7198783520597
2026-03-11,629.4056847694409
2026-03-12,622.8947737964984
2026-03-13,622.4485411449544
2026-03-16,625.9911699671736
2026-03-17,626.4314614316906
2026-03-18,620.508586811646
2026-03-19,615.5834908474363
2026-03-20,604.9489593765571
2026-03-23,607.7815681202388
2026-03-24,607.4865919463506
2026-03-25,613.0951870963773
2026-03-26,604.9071118103494
2026-03-27,597.4043593602196
2026-03-30,598.0973542578879
2026-03-31,608.7300722559922
2026-04-01,612.4442532659466
2026-04-02,615.1670948362089
2026-04-03,615.5203992099789
2026-04-06,617.9160762471311
2026-04-07,616.0759764928625
2026-04-08,628.0613854519588
2026-04-09,630.3962380702148
2026-04-10,628.5961198996699
2026-04-13,633.7736352988661
2026-04-14,636.8609128738301
2026-04-15,640.8945250887683
2026-04-16,643.4498407903692
2026-04-17,648.7694885720176
2026-04-20,649.1206640524869
2026-04-21,645.6184162350835
2026-04-22,651.2870028154167
2026-04-23,649.4350913436006
2026-04-24,652.5551415678319
2026-04-27,651.7396712699041
2026-04-28,650.2152061305093
2026-04-29,649.2977035057289
2026-04-30,655.2610419148524
2026-05-01,655.1128615311909
2026-05-04,654.6690760736544
2026-05-05,659.0551601513222
2026-05-06,667.0147704685356
2026-05-07,664.1148573988987
2026-05-08,666.6500986616529
2026-05-11,667.6166546184587
2026-05-12,668.1141451808985
2026-05-13,673.480028925516
2026-05-14,679.2492606495324
2026-05-15,673.0648884336282
2026-05-18,672.2637094307179
2026-05-19,671.7752239168635
2026-05-20,677.3914778474566
2026-05-21,680.55580903473
2026-05-22,683.6978236733594
2026-05-25,683.6242830000458
2026-05-26,686.4874291424738
2026-05-27,685.9446347206606
2026-05-28,687.2533827981981
2026-05-29,688.6704139803091
2026-06-01,691.3304547441968
2026-06-02,692.2919857691156
2026-06-03,689.7178212408569
2026-06-04,691.2553090009771
2026-06-05,679.891755395617
2026-06-08,680.9739670488268
2026-06-09,678.3947698845988
2026-06-10,669.920824068676
2026-06-11,680.9223723190664
2026-06-12,683.7014369454821
2026-06-15,692.4343377203902
2026-06-16,689.7459207720327
2026-06-17,685.3891726615958
2026-06-18,695.7428613157624
2026-06-19,695.7683676221297
2026-06-22,696.4159577923272
2026-06-23,690.2822949905525
2026-06-24,691.4917551212432
2026-06-25,690.8014432870799
2026-06-26,688.3154300804424
2026-06-29,693.3866486674067
2026-06-30,697.8723143526429
2026-07-01,698.5836315461081
2026-07-02,698.2527127683422
2026-07-03,699.7852087814206
2026-07-06,704.639069665733
2026-07-07,700.5169432589781
2026-07-08,697.5610725340898
2026-07-09,701.7778270196335
2026-07-10,704.7746949323011
2026-07-13,701.3263225292055
2026-07-14,702.0464707155487
2026-07-15,705.2426550389674
2026-07-16,701.6346645587987
2026-07-17,695.0699104983764
2026-07-20,695.019572381865
2026-07-21,701.3005953771467
2026-07-22,701.1672965887633
2026-07-23,695.691641852225
2026-07-24,696.1450322744533
2026-07-27,697.6115570015975
2026-07-28,697.3408747306012
2026-07-29,689.5185645243995
2026-07-30,693.3740335218727
2026-07-31,697.0335567851051
